{"type": "FeatureCollection", "crs_source": "МСК-47 зона 2 (GS47Z2)", "features": [{"type": "Feature", "geometry": {"type": "Point", "coordinates": [29.87526832, 59.31871197]}, "properties": {"kind": "grave", "number": 10, "plot_area": 2.32, "in_plot": 1}}, {"type": "Feature", "geometry": {"type": "Polygon", "coordinates": [[[29.87524902, 59.31871794], [29.87524529, 59.31870996], [29.87528783, 59.31870544], [29.87529135, 59.31871399], [29.87524902, 59.31871794]]]}, "properties": {"kind": "plot", "numbers": [10], "area": 2.32}}, {"type": "Feature", "geometry": {"type": "Point", "coordinates": [29.87489256, 59.31872656]}, "properties": {"kind": "grave", "number": 6, "plot_area": 26.4, "in_plot": 1}}, {"type": "Feature", "geometry": {"type": "Polygon", "coordinates": [[[29.87483894, 59.31870871], [29.87492847, 59.31869943], [29.87494525, 59.31874426], [29.87485665, 59.31875369], [29.87483894, 59.31870871]]]}, "properties": {"kind": "plot", "numbers": [6], "area": 26.4}}, {"type": "Feature", "geometry": {"type": "Point", "coordinates": [29.87485115, 59.31866297]}, "properties": {"kind": "grave", "number": 14, "plot_area": 7.3, "in_plot": 1}}, {"type": "Feature", "geometry": {"type": "Polygon", "coordinates": [[[29.8748331, 59.31867736], [29.8748228, 59.31865353], [29.87486812, 59.31864841], [29.8748795, 59.31867242], [29.8748331, 59.31867736]]]}, "properties": {"kind": "plot", "numbers": [14], "area": 7.3}}, {"type": "Feature", "geometry": {"type": "Point", "coordinates": [29.87490569, 59.31865703]}, "properties": {"kind": "grave", "number": 15, "plot_area": 6.92, "in_plot": 1}}, {"type": "Feature", "geometry": {"type": "Polygon", "coordinates": [[[29.87488942, 59.31867136], [29.87487857, 59.3186473], [29.87492296, 59.31864258], [29.87493161, 59.31866687], [29.87488942, 59.31867136]]]}, "properties": {"kind": "plot", "numbers": [15], "area": 6.92}}, {"type": "Feature", "geometry": {"type": "Point", "coordinates": [29.87496685, 59.31865051]}, "properties": {"kind": "grave", "number": 16, "plot_area": 8.51, "in_plot": 1}}, {"type": "Feature", "geometry": {"type": "Polygon", "coordinates": [[[29.87494489, 59.31866546], [29.87493489, 59.31864131], [29.87498895, 59.31863555], [29.87499727, 59.31865988], [29.87494489, 59.31866546]]]}, "properties": {"kind": "plot", "numbers": [16], "area": 8.51}}, {"type": "Feature", "geometry": {"type": "Point", "coordinates": [29.87494078, 59.3186109]}, "properties": {"kind": "grave", "number": 22, "plot_area": 21.34, "in_plot": 1}}, {"type": "Feature", "geometry": {"type": "Polygon", "coordinates": [[[29.87491656, 59.31863682], [29.8748943, 59.3185925], [29.87496903, 59.31858455], [29.87498593, 59.31862944], [29.87491656, 59.31863682]]]}, "properties": {"kind": "plot", "numbers": [22], "area": 21.34}}, {"type": "Feature", "geometry": {"type": "Point", "coordinates": [29.87501208, 59.31871384]}, "properties": {"kind": "grave", "number": 7, "plot_area": 26.02, "in_plot": 1}}, {"type": "Feature", "geometry": {"type": "Polygon", "coordinates": [[[29.87497681, 59.3187409], [29.87495815, 59.31869629], [29.87504725, 59.31868654], [29.87506316, 59.31873171], [29.87497681, 59.3187409]]]}, "properties": {"kind": "plot", "numbers": [7], "area": 26.02}}, {"type": "Feature", "geometry": {"type": "Point", "coordinates": [29.87499978, 59.31876191]}, "properties": {"kind": "grave", "number": 1, "plot_area": 2.77, "in_plot": 1}}, {"type": "Feature", "geometry": {"type": "Polygon", "coordinates": [[[29.87497777, 59.31876887], [29.87497419, 59.31875999], [29.87502178, 59.31875496], [29.87502472, 59.31876387], [29.87497777, 59.31876887]]]}, "properties": {"kind": "plot", "numbers": [1], "area": 2.77}}, {"type": "Feature", "geometry": {"type": "Point", "coordinates": [29.87506088, 59.31876626]}, "properties": {"kind": "grave", "number": 2, "plot_area": 11.64, "in_plot": 1}}, {"type": "Feature", "geometry": {"type": "Polygon", "coordinates": [[[29.87503645, 59.31878434], [29.875027, 59.31875441], [29.87508531, 59.31874819], [29.87509679, 59.31877791], [29.87503645, 59.31878434]]]}, "properties": {"kind": "plot", "numbers": [2], "area": 11.64}}, {"type": "Feature", "geometry": {"type": "Point", "coordinates": [29.87515149, 59.31876123]}, "properties": {"kind": "grave", "number": 3, "plot_area": 6.18, "in_plot": 1}}, {"type": "Feature", "geometry": {"type": "Polygon", "coordinates": [[[29.87513253, 59.31877411], [29.87512574, 59.31875311], [29.87517045, 59.31874835], [29.87517745, 59.31876932], [29.87513253, 59.31877411]]]}, "properties": {"kind": "plot", "numbers": [3], "area": 6.18}}, {"type": "Feature", "geometry": {"type": "Point", "coordinates": [29.87510671, 59.31870363]}, "properties": {"kind": "grave", "number": 8, "plot_area": 26.78, "in_plot": 1}}, {"type": "Feature", "geometry": {"type": "Polygon", "coordinates": [[[29.87507016, 59.31873096], [29.8750524, 59.31868599], [29.87514326, 59.31867631], [29.87515946, 59.31872145], [29.87507016, 59.31873096]]]}, "properties": {"kind": "plot", "numbers": [8], "area": 26.78}}, {"type": "Feature", "geometry": {"type": "Point", "coordinates": [29.87515112, 59.31873805]}, "properties": {"kind": "grave", "number": 5, "plot_area": 2.45, "in_plot": 1}}, {"type": "Feature", "geometry": {"type": "Polygon", "coordinates": [[[29.87513035, 59.3187434], [29.8751278, 59.31873531], [29.87517156, 59.31873169], [29.87517445, 59.31874079], [29.87513035, 59.3187434]]]}, "properties": {"kind": "plot", "numbers": [5], "area": 2.45}}, {"type": "Feature", "geometry": {"type": "Point", "coordinates": [29.87520515, 59.31875553]}, "properties": {"kind": "grave", "number": 4, "plot_area": 2.96, "in_plot": 1}}, {"type": "Feature", "geometry": {"type": "Polygon", "coordinates": [[[29.87518616, 59.31876273], [29.87518133, 59.31875246], [29.87522432, 59.31874768], [29.87522738, 59.31875878], [29.87518616, 59.31876273]]]}, "properties": {"kind": "plot", "numbers": [4], "area": 2.96}}, {"type": "Feature", "geometry": {"type": "Point", "coordinates": [29.87518598, 59.31870992]}, "properties": {"kind": "grave", "number": 9, "plot_area": 5.79, "in_plot": 1}}, {"type": "Feature", "geometry": {"type": "Polygon", "coordinates": [[[29.87517058, 59.31872313], [29.87516173, 59.31870079], [29.8752013, 59.31869647], [29.87520879, 59.31871942], [29.87517058, 59.31872313]]]}, "properties": {"kind": "plot", "numbers": [9], "area": 5.79}}, {"type": "Feature", "geometry": {"type": "Point", "coordinates": [29.87504819, 59.3186525]}, "properties": {"kind": "grave", "number": 17, "plot_area": 19.97, "in_plot": 1}}, {"type": "Feature", "geometry": {"type": "Polygon", "coordinates": [[[29.87502238, 59.31867776], [29.87500421, 59.31863408], [29.8750737, 59.31862653], [29.87508992, 59.31867117], [29.87502238, 59.31867776]]]}, "properties": {"kind": "plot", "numbers": [17], "area": 19.97}}, {"type": "Feature", "geometry": {"type": "Point", "coordinates": [29.87511468, 59.3186484]}, "properties": {"kind": "grave", "number": 18, "plot_area": 23.1, "in_plot": 2}}, {"type": "Feature", "geometry": {"type": "Point", "coordinates": [29.87514965, 59.3186441]}, "properties": {"kind": "grave", "number": 19, "plot_area": 23.1, "in_plot": 2}}, {"type": "Feature", "geometry": {"type": "Polygon", "coordinates": [[[29.87510857, 59.31867476], [29.87508533, 59.31862528], [29.87515513, 59.31861785], [29.875179, 59.31866722], [29.87510857, 59.31867476]]]}, "properties": {"kind": "plot", "numbers": [18, 19], "area": 23.1}}, {"type": "Feature", "geometry": {"type": "Point", "coordinates": [29.87524332, 59.31868513]}, "properties": {"kind": "grave", "number": 13, "plot_area": 18.57, "in_plot": 1}}, {"type": "Feature", "geometry": {"type": "Polygon", "coordinates": [[[29.87521336, 59.31870778], [29.87519852, 59.31867043], [29.87527348, 59.31866245], [29.87528824, 59.31870013], [29.87521336, 59.31870778]]]}, "properties": {"kind": "plot", "numbers": [13], "area": 18.57}}, {"type": "Feature", "geometry": {"type": "Point", "coordinates": [29.87518727, 59.31868394]}, "properties": {"kind": "grave", "number": 11, "plot_area": 6.31, "in_plot": 2}}, {"type": "Feature", "geometry": {"type": "Point", "coordinates": [29.87516679, 59.31868599]}, "properties": {"kind": "grave", "number": 12, "plot_area": 6.31, "in_plot": 2}}, {"type": "Feature", "geometry": {"type": "Polygon", "coordinates": [[[29.8751521, 59.31867537], [29.87516107, 59.31869886], [29.87520205, 59.31869482], [29.87519212, 59.31867111], [29.8751521, 59.31867537]]]}, "properties": {"kind": "plot", "numbers": [11, 12], "area": 6.31}}, {"type": "Feature", "geometry": {"type": "Point", "coordinates": [29.87493033, 59.31857959]}, "properties": {"kind": "grave", "number": 28, "plot_area": 1.5, "in_plot": 1}}, {"type": "Feature", "geometry": {"type": "Polygon", "coordinates": [[[29.87491283, 59.31858461], [29.87491046, 59.31857855], [29.87494783, 59.31857458], [29.87495028, 59.31858063], [29.87491283, 59.31858461]]]}, "properties": {"kind": "plot", "numbers": [28], "area": 1.5}}, {"type": "Feature", "geometry": {"type": "Point", "coordinates": [29.87490024, 59.31851885]}, "properties": {"kind": "grave", "number": 33, "plot_area": 21.63, "in_plot": 1}}, {"type": "Feature", "geometry": {"type": "Polygon", "coordinates": [[[29.87487326, 59.31854516], [29.8748539, 59.31850035], [29.8749283, 59.31849243], [29.87494433, 59.31853759], [29.87487326, 59.31854516]]]}, "properties": {"kind": "plot", "numbers": [33], "area": 21.63}}, {"type": "Feature", "geometry": {"type": "Point", "coordinates": [29.87496545, 59.31850716]}, "properties": {"kind": "grave", "number": 34, "plot_area": 16.41, "in_plot": 2}}, {"type": "Feature", "geometry": {"type": "Point", "coordinates": [29.87500048, 59.31850347]}, "properties": {"kind": "grave", "number": 35, "plot_area": 16.41, "in_plot": 2}}, {"type": "Feature", "geometry": {"type": "Polygon", "coordinates": [[[29.87495619, 59.31852687], [29.87494069, 59.31849103], [29.87501075, 59.31848365], [29.87502435, 59.31851957], [29.87495619, 59.31852687]]]}, "properties": {"kind": "plot", "numbers": [34, 35], "area": 16.41}}, {"type": "Feature", "geometry": {"type": "Point", "coordinates": [29.87500882, 59.31856579]}, "properties": {"kind": "grave", "number": 29, "plot_area": 16.33, "in_plot": 1}}, {"type": "Feature", "geometry": {"type": "Polygon", "coordinates": [[[29.87498167, 59.31858716], [29.87496664, 59.31855145], [29.87503708, 59.3185443], [29.87505042, 59.31857957], [29.87498167, 59.31858716]]]}, "properties": {"kind": "plot", "numbers": [29], "area": 16.33}}, {"type": "Feature", "geometry": {"type": "Point", "coordinates": [29.87502774, 59.31860512]}, "properties": {"kind": "grave", "number": 23, "plot_area": 18.18, "in_plot": 1}}, {"type": "Feature", "geometry": {"type": "Polygon", "coordinates": [[[29.87499908, 59.31862804], [29.8749832, 59.31859028], [29.8750563, 59.31858197], [29.87507011, 59.31862047], [29.87499908, 59.31862804]]]}, "properties": {"kind": "plot", "numbers": [23], "area": 18.18}}, {"type": "Feature", "geometry": {"type": "Point", "coordinates": [29.87488013, 59.31847294]}, "properties": {"kind": "grave", "number": 38, "plot_area": 16.62, "in_plot": 1}}, {"type": "Feature", "geometry": {"type": "Polygon", "coordinates": [[[29.87485306, 59.31849425], [29.87483681, 59.31845914], [29.87490868, 59.31845131], [29.87492305, 59.31848679], [29.87485306, 59.31849425]]]}, "properties": {"kind": "plot", "numbers": [38], "area": 16.62}}, {"type": "Feature", "geometry": {"type": "Point", "coordinates": [29.87486236, 59.31843128]}, "properties": {"kind": "grave", "number": 42, "plot_area": 21.75, "in_plot": 1}}, {"type": "Feature", "geometry": {"type": "Polygon", "coordinates": [[[29.8748287, 59.31845454], [29.87480966, 59.31841737], [29.87489827, 59.31840783], [29.87491506, 59.31844518], [29.8748287, 59.31845454]]]}, "properties": {"kind": "plot", "numbers": [42], "area": 21.75}}, {"type": "Feature", "geometry": {"type": "Point", "coordinates": [29.87496753, 59.31846353]}, "properties": {"kind": "grave", "number": 39, "plot_area": 17.97, "in_plot": 1}}, {"type": "Feature", "geometry": {"type": "Polygon", "coordinates": [[[29.87493736, 59.31848526], [29.8749214, 59.31844992], [29.87499875, 59.31844148], [29.87501246, 59.31847727], [29.87493736, 59.31848526]]]}, "properties": {"kind": "plot", "numbers": [39], "area": 17.97}}, {"type": "Feature", "geometry": {"type": "Point", "coordinates": [29.8750207, 59.31853827]}, "properties": {"kind": "grave", "number": 32, "plot_area": 1.46, "in_plot": 1}}, {"type": "Feature", "geometry": {"type": "Polygon", "coordinates": [[[29.87500548, 59.31854338], [29.87500295, 59.31853667], [29.87503592, 59.31853315], [29.8750385, 59.31853985], [29.87500548, 59.31854338]]]}, "properties": {"kind": "plot", "numbers": [32], "area": 1.46}}, {"type": "Feature", "geometry": {"type": "Point", "coordinates": [29.87513042, 59.31859058]}, "properties": {"kind": "grave", "number": 24, "plot_area": 21.73, "in_plot": 2}}, {"type": "Feature", "geometry": {"type": "Point", "coordinates": [29.87509341, 59.31859477]}, "properties": {"kind": "grave", "number": 25, "plot_area": 21.73, "in_plot": 2}}, {"type": "Feature", "geometry": {"type": "Polygon", "coordinates": [[[29.87506513, 59.31857431], [29.87508448, 59.31861894], [29.8751587, 59.31861104], [29.87513762, 59.31856659], [29.87506513, 59.31857431]]]}, "properties": {"kind": "plot", "numbers": [24, 25], "area": 21.73}}, {"type": "Feature", "geometry": {"type": "Point", "coordinates": [29.87522088, 59.31858112]}, "properties": {"kind": "grave", "number": 26, "plot_area": 22.21, "in_plot": 2}}, {"type": "Feature", "geometry": {"type": "Point", "coordinates": [29.87518334, 59.3185852]}, "properties": {"kind": "grave", "number": 27, "plot_area": 22.21, "in_plot": 2}}, {"type": "Feature", "geometry": {"type": "Polygon", "coordinates": [[[29.87517382, 59.31860942], [29.87515526, 59.3185649], [29.87523033, 59.31855673], [29.87524896, 59.31860143], [29.87517382, 59.31860942]]]}, "properties": {"kind": "plot", "numbers": [26, 27], "area": 22.21}}, {"type": "Feature", "geometry": {"type": "Point", "coordinates": [29.87524134, 59.31863463]}, "properties": {"kind": "grave", "number": 20, "plot_area": 29.26, "in_plot": 2}}, {"type": "Feature", "geometry": {"type": "Point", "coordinates": [29.87519612, 59.31863944]}, "properties": {"kind": "grave", "number": 21, "plot_area": 29.26, "in_plot": 2}}, {"type": "Feature", "geometry": {"type": "Polygon", "coordinates": [[[29.87527319, 59.31865719], [29.87525381, 59.31860735], [29.87516338, 59.31861698], [29.87518589, 59.31866648], [29.87527319, 59.31865719]]]}, "properties": {"kind": "plot", "numbers": [20, 21], "area": 29.26}}, {"type": "Feature", "geometry": {"type": "Point", "coordinates": [29.87508742, 59.31854197]}, "properties": {"kind": "grave", "number": 30, "plot_area": 21.15, "in_plot": 1}}, {"type": "Feature", "geometry": {"type": "Polygon", "coordinates": [[[29.87506154, 59.31856878], [29.87504481, 59.31852231], [29.87511331, 59.31851516], [29.8751315, 59.31856133], [29.87506154, 59.31856878]]]}, "properties": {"kind": "plot", "numbers": [30], "area": 21.15}}, {"type": "Feature", "geometry": {"type": "Point", "coordinates": [29.87515471, 59.31848693]}, "properties": {"kind": "grave", "number": 37, "plot_area": 16.91, "in_plot": 1}}, {"type": "Feature", "geometry": {"type": "Polygon", "coordinates": [[[29.87512604, 59.31850858], [29.8751116, 59.31847291], [29.87518339, 59.31846527], [29.87519751, 59.31850098], [29.87512604, 59.31850858]]]}, "properties": {"kind": "plot", "numbers": [37], "area": 16.91}}, {"type": "Feature", "geometry": {"type": "Point", "coordinates": [29.87519175, 59.31851995]}, "properties": {"kind": "grave", "number": 31, "plot_area": 1.46, "in_plot": 1}}, {"type": "Feature", "geometry": {"type": "Polygon", "coordinates": [[[29.87517617, 59.31852498], [29.87517332, 59.31851852], [29.87520745, 59.31851489], [29.87521018, 59.31852137], [29.87517617, 59.31852498]]]}, "properties": {"kind": "plot", "numbers": [31], "area": 1.46}}, {"type": "Feature", "geometry": {"type": "Point", "coordinates": [29.87496457, 59.31842936]}, "properties": {"kind": "grave", "number": 43, "plot_area": 2.35, "in_plot": 1}}, {"type": "Feature", "geometry": {"type": "Polygon", "coordinates": [[[29.87494523, 59.31843578], [29.87494131, 59.31842757], [29.87498439, 59.31842288], [29.87498784, 59.31843114], [29.87494523, 59.31843578]]]}, "properties": {"kind": "plot", "numbers": [43], "area": 2.35}}, {"type": "Feature", "geometry": {"type": "Point", "coordinates": [29.87494168, 59.31839313]}, "properties": {"kind": "grave", "number": 44, "plot_area": 5.8, "in_plot": 1}}, {"type": "Feature", "geometry": {"type": "Polygon", "coordinates": [[[29.87492904, 59.31840654], [29.87491721, 59.31838375], [29.87495598, 59.31837953], [29.87496616, 59.31840251], [29.87492904, 59.31840654]]]}, "properties": {"kind": "plot", "numbers": [44], "area": 5.8}}, {"type": "Feature", "geometry": {"type": "Point", "coordinates": [29.87490722, 59.31835976]}, "properties": {"kind": "grave", "number": 48, "plot_area": 24.08, "in_plot": 1}}, {"type": "Feature", "geometry": {"type": "Polygon", "coordinates": [[[29.87487505, 59.3183861], [29.87485623, 59.31834248], [29.87493929, 59.31833345], [29.87495822, 59.31837704], [29.87487505, 59.3183861]]]}, "properties": {"kind": "plot", "numbers": [48], "area": 24.08}}, {"type": "Feature", "geometry": {"type": "Point", "coordinates": [29.87491054, 59.31832235]}, "properties": {"kind": "grave", "number": 51, "plot_area": 4.5, "in_plot": 1}}, {"type": "Feature", "geometry": {"type": "Polygon", "coordinates": [[[29.87488467, 59.31833133], [29.87487924, 59.31831958], [29.87493692, 59.31831331], [29.87494184, 59.31832511], [29.87488467, 59.31833133]]]}, "properties": {"kind": "plot", "numbers": [51], "area": 4.5}}, {"type": "Feature", "geometry": {"type": "Point", "coordinates": [29.87489236, 59.31828109]}, "properties": {"kind": "grave", "number": 54, "plot_area": 16.61, "in_plot": 1}}, {"type": "Feature", "geometry": {"type": "Polygon", "coordinates": [[[29.87486316, 59.31830237], [29.87484908, 59.31826771], [29.87492156, 59.31825982], [29.87493586, 59.31829414], [29.87486316, 59.31830237]]]}, "properties": {"kind": "plot", "numbers": [54], "area": 16.61}}, {"type": "Feature", "geometry": {"type": "Point", "coordinates": [29.87513272, 59.31842469]}, "properties": {"kind": "grave", "number": 41, "plot_area": 23.58, "in_plot": 1}}, {"type": "Feature", "geometry": {"type": "Polygon", "coordinates": [[[29.87510136, 59.31844977], [29.87508183, 59.31840676], [29.87516821, 59.31839882], [29.87518032, 59.31844291], [29.87510136, 59.31844977]]]}, "properties": {"kind": "plot", "numbers": [41], "area": 23.58}}, {"type": "Feature", "geometry": {"type": "Point", "coordinates": [29.87511434, 59.31837003]}, "properties": {"kind": "grave", "number": 46, "plot_area": 19.81, "in_plot": 2}}, {"type": "Feature", "geometry": {"type": "Point", "coordinates": [29.87512229, 59.31838913]}, "properties": {"kind": "grave", "number": 47, "plot_area": 19.81, "in_plot": 2}}, {"type": "Feature", "geometry": {"type": "Polygon", "coordinates": [[[29.87508824, 59.31840282], [29.87507076, 59.31836479], [29.87514996, 59.31835617], [29.87516545, 59.31839442], [29.87508824, 59.31840282]]]}, "properties": {"kind": "plot", "numbers": [46, 47], "area": 19.81}}, {"type": "Feature", "geometry": {"type": "Point", "coordinates": [29.87510373, 59.31833446]}, "properties": {"kind": "grave", "number": 50, "plot_area": 17.62, "in_plot": 1}}, {"type": "Feature", "geometry": {"type": "Polygon", "coordinates": [[[29.8750736, 59.31835607], [29.87505885, 59.31832043], [29.87513193, 59.31831248], [29.87514863, 59.31834854], [29.8750736, 59.31835607]]]}, "properties": {"kind": "plot", "numbers": [50], "area": 17.62}}, {"type": "Feature", "geometry": {"type": "Point", "coordinates": [29.8751072, 59.31830557]}, "properties": {"kind": "grave", "number": 53, "plot_area": 1.26, "in_plot": 1}}, {"type": "Feature", "geometry": {"type": "Polygon", "coordinates": [[[29.87509447, 59.31831032], [29.87509228, 59.31830331], [29.87511993, 59.31830081], [29.87512169, 59.31830791], [29.87509447, 59.31831032]]]}, "properties": {"kind": "plot", "numbers": [53], "area": 1.26}}, {"type": "Feature", "geometry": {"type": "Point", "coordinates": [29.87500715, 59.31834377]}, "properties": {"kind": "grave", "number": 49, "plot_area": 15.92, "in_plot": 1}}, {"type": "Feature", "geometry": {"type": "Polygon", "coordinates": [[[29.87496373, 59.31833078], [29.87497888, 59.31836393], [29.87505057, 59.31835676], [29.87503528, 59.318323], [29.87496373, 59.31833078]]]}, "properties": {"kind": "plot", "numbers": [49], "area": 15.92}}, {"type": "Feature", "geometry": {"type": "Point", "coordinates": [29.87502525, 59.318386]}, "properties": {"kind": "grave", "number": 45, "plot_area": 21.31, "in_plot": 1}}, {"type": "Feature", "geometry": {"type": "Polygon", "coordinates": [[[29.87498026, 59.31836693], [29.87500018, 59.31841241], [29.87507013, 59.31840479], [29.87505199, 59.31835949], [29.87498026, 59.31836693]]]}, "properties": {"kind": "plot", "numbers": [45], "area": 21.31}}, {"type": "Feature", "geometry": {"type": "Point", "coordinates": [29.87506958, 59.31849293]}, "properties": {"kind": "grave", "number": 36, "plot_area": 23.59, "in_plot": 1}}, {"type": "Feature", "geometry": {"type": "Polygon", "coordinates": [[[29.87504158, 59.31852027], [29.87502234, 59.31847363], [29.87509883, 59.31846539], [29.87511702, 59.31851277], [29.87504158, 59.31852027]]]}, "properties": {"kind": "plot", "numbers": [36], "area": 23.59}}, {"type": "Feature", "geometry": {"type": "Point", "coordinates": [29.87504876, 59.31844013]}, "properties": {"kind": "grave", "number": 40, "plot_area": 24.98, "in_plot": 1}}, {"type": "Feature", "geometry": {"type": "Polygon", "coordinates": [[[29.87502344, 59.31847003], [29.87500152, 59.31841741], [29.87507381, 59.31840954], [29.87509366, 59.3184631], [29.87502344, 59.31847003]]]}, "properties": {"kind": "plot", "numbers": [40], "area": 24.98}}, {"type": "Feature", "geometry": {"type": "Point", "coordinates": [29.87499164, 59.31830604]}, "properties": {"kind": "grave", "number": 52, "plot_area": 15.86, "in_plot": 1}}, {"type": "Feature", "geometry": {"type": "Polygon", "coordinates": [[[29.87496389, 59.31832702], [29.87495045, 59.31829256], [29.87501959, 59.31828503], [29.87503301, 59.31832009], [29.87496389, 59.31832702]]]}, "properties": {"kind": "plot", "numbers": [52], "area": 15.86}}, {"type": "Feature", "geometry": {"type": "Point", "coordinates": [29.87507508, 59.31826104]}, "properties": {"kind": "grave", "number": 55, "plot_area": 16.41, "in_plot": 1}}, {"type": "Feature", "geometry": {"type": "Polygon", "coordinates": [[[29.8750456, 59.31828217], [29.87503253, 59.31824774], [29.87510456, 59.3182399], [29.8751178, 59.31827434], [29.8750456, 59.31828217]]]}, "properties": {"kind": "plot", "numbers": [55], "area": 16.41}}, {"type": "Feature", "geometry": {"type": "Point", "coordinates": [29.87497496, 59.31822994]}, "properties": {"kind": "grave", "number": 57, "plot_area": 20.49, "in_plot": 1}}, {"type": "Feature", "geometry": {"type": "Polygon", "coordinates": [[[29.87494917, 59.31825682], [29.87493216, 59.31821054], [29.87500075, 59.31820307], [29.87501479, 59.31824967], [29.87494917, 59.31825682]]]}, "properties": {"kind": "plot", "numbers": [57], "area": 20.49}}, {"type": "Feature", "geometry": {"type": "Point", "coordinates": [29.87487791, 59.31823525]}, "properties": {"kind": "grave", "number": 56, "plot_area": 26.32, "in_plot": 1}}, {"type": "Feature", "geometry": {"type": "Polygon", "coordinates": [[[29.87484996, 59.31826532], [29.87482726, 59.31821373], [29.87490701, 59.31820505], [29.874925, 59.31825592], [29.87484996, 59.31826532]]]}, "properties": {"kind": "plot", "numbers": [56], "area": 26.32}}, {"type": "Feature", "geometry": {"type": "Point", "coordinates": [29.87503815, 59.31821476]}, "properties": {"kind": "grave", "number": 58, "plot_area": 29.54, "in_plot": 2}}, {"type": "Feature", "geometry": {"type": "Point", "coordinates": [29.87507448, 59.31821093]}, "properties": {"kind": "grave", "number": 59, "plot_area": 29.54, "in_plot": 2}}, {"type": "Feature", "geometry": {"type": "Polygon", "coordinates": [[[29.87503247, 59.3182476], [29.8750076, 59.31818596], [29.87508017, 59.31817809], [29.87510456, 59.3182399], [29.87503247, 59.3182476]]]}, "properties": {"kind": "plot", "numbers": [58, 59], "area": 29.54}}, {"type": "Feature", "geometry": {"type": "Point", "coordinates": [29.87503637, 59.31816129]}, "properties": {"kind": "grave", "number": 60, "plot_area": 15.73, "in_plot": 1}}, {"type": "Feature", "geometry": {"type": "Polygon", "coordinates": [[[29.87501043, 59.31818237], [29.87499448, 59.3181476], [29.87506246, 59.3181402], [29.87507826, 59.31817498], [29.87501043, 59.31818237]]]}, "properties": {"kind": "plot", "numbers": [60], "area": 15.73}}, {"type": "Feature", "geometry": {"type": "Point", "coordinates": [29.87496068, 59.31813318]}, "properties": {"kind": "grave", "number": 61, "plot_area": 7.53, "in_plot": 1}}, {"type": "Feature", "geometry": {"type": "Polygon", "coordinates": [[[29.87498827, 59.31814442], [29.87494684, 59.31814893], [29.87493308, 59.31812193], [29.87497499, 59.31811737], [29.87498827, 59.31814442]]]}, "properties": {"kind": "plot", "numbers": [61], "area": 7.53}}, {"type": "Feature", "geometry": {"type": "Point", "coordinates": [29.87501926, 59.31812033]}, "properties": {"kind": "grave", "number": 62, "plot_area": 18.98, "in_plot": 1}}, {"type": "Feature", "geometry": {"type": "Polygon", "coordinates": [[[29.87499053, 59.31814421], [29.87497512, 59.31810438], [29.87504799, 59.31809644], [29.87506183, 59.31813641], [29.87499053, 59.31814421]]]}, "properties": {"kind": "plot", "numbers": [62], "area": 18.98}}, {"type": "Feature", "geometry": {"type": "Point", "coordinates": [29.87500434, 59.31808002]}, "properties": {"kind": "grave", "number": 63, "plot_area": 17.09, "in_plot": 1}}, {"type": "Feature", "geometry": {"type": "Polygon", "coordinates": [[[29.87497412, 59.31810212], [29.8749622, 59.31806636], [29.87503456, 59.31805792], [29.87504591, 59.3180943], [29.87497412, 59.31810212]]]}, "properties": {"kind": "plot", "numbers": [63], "area": 17.09}}, {"type": "Feature", "geometry": {"type": "Point", "coordinates": [29.87498817, 59.31803232]}, "properties": {"kind": "grave", "number": 64, "plot_area": 16.93, "in_plot": 2}}, {"type": "Feature", "geometry": {"type": "Point", "coordinates": [29.87499561, 59.31805016]}, "properties": {"kind": "grave", "number": 65, "plot_area": 16.93, "in_plot": 2}}, {"type": "Feature", "geometry": {"type": "Polygon", "coordinates": [[[29.87496286, 59.31806305], [29.87495019, 59.31802714], [29.87502091, 59.31801944], [29.87503537, 59.31805512], [29.87496286, 59.31806305]]]}, "properties": {"kind": "plot", "numbers": [64, 65], "area": 16.93}}, {"type": "Feature", "geometry": {"type": "Point", "coordinates": [29.87497882, 59.31800044]}, "properties": {"kind": "grave", "number": 66, "plot_area": 16.66, "in_plot": 1}}, {"type": "Feature", "geometry": {"type": "Polygon", "coordinates": [[[29.8749504, 59.31802228], [29.87493629, 59.31798632], [29.87500724, 59.31797859], [29.8750195, 59.31801476], [29.8749504, 59.31802228]]]}, "properties": {"kind": "plot", "numbers": [66], "area": 16.66}}, {"type": "Feature", "geometry": {"type": "Point", "coordinates": [29.87496437, 59.31796602]}, "properties": {"kind": "grave", "number": 67, "plot_area": 11.18, "in_plot": 1}}, {"type": "Feature", "geometry": {"type": "Polygon", "coordinates": [[[29.87493252, 59.31798157], [29.87492363, 59.31795839], [29.87499622, 59.31795048], [29.87500585, 59.31797358], [29.87493252, 59.31798157]]]}, "properties": {"kind": "plot", "numbers": [67], "area": 11.18}}, {"type": "Feature", "geometry": {"type": "Point", "coordinates": [29.87495687, 59.31794137]}, "properties": {"kind": "grave", "number": 68, "plot_area": 10.12, "in_plot": 1}}, {"type": "Feature", "geometry": {"type": "Polygon", "coordinates": [[[29.8749255, 59.31795601], [29.87491765, 59.31793441], [29.87498812, 59.31792674], [29.87499717, 59.31794821], [29.8749255, 59.31795601]]]}, "properties": {"kind": "plot", "numbers": [68], "area": 10.12}}, {"type": "Feature", "geometry": {"type": "Point", "coordinates": [29.87494815, 59.31792092]}, "properties": {"kind": "grave", "number": 70, "plot_area": 8.72, "in_plot": 1}}, {"type": "Feature", "geometry": {"type": "Polygon", "coordinates": [[[29.87491567, 59.31793366], [29.8749079, 59.31791535], [29.87498146, 59.3179081], [29.87498818, 59.31792592], [29.87491567, 59.31793366]]]}, "properties": {"kind": "plot", "numbers": [70], "area": 8.72}}, {"type": "Feature", "geometry": {"type": "Point", "coordinates": [29.87474892, 59.3178688]}, "properties": {"kind": "grave", "number": 73, "plot_area": 13.61, "in_plot": 1}}, {"type": "Feature", "geometry": {"type": "Polygon", "coordinates": [[[29.87472964, 59.31788979], [29.87471243, 59.31785387], [29.87477034, 59.31784756], [29.87478524, 59.31788374], [29.87472964, 59.31788979]]]}, "properties": {"kind": "plot", "numbers": [73], "area": 13.61}}, {"type": "Feature", "geometry": {"type": "Point", "coordinates": [29.87488299, 59.3177561]}, "properties": {"kind": "grave", "number": 77, "plot_area": 15.68, "in_plot": 1}}, {"type": "Feature", "geometry": {"type": "Polygon", "coordinates": [[[29.87485569, 59.31777681], [29.8748409, 59.31774295], [29.87491094, 59.31773533], [29.87492507, 59.31776925], [29.87485569, 59.31777681]]]}, "properties": {"kind": "plot", "numbers": [77], "area": 15.68}}, {"type": "Feature", "geometry": {"type": "Point", "coordinates": [29.8748951, 59.31779384]}, "properties": {"kind": "grave", "number": 76, "plot_area": 15.88, "in_plot": 1}}, {"type": "Feature", "geometry": {"type": "Polygon", "coordinates": [[[29.87485475, 59.31777984], [29.87486746, 59.31781525], [29.87493555, 59.31780784], [29.87492274, 59.31777244], [29.87485475, 59.31777984]]]}, "properties": {"kind": "plot", "numbers": [76], "area": 15.88}}, {"type": "Feature", "geometry": {"type": "Point", "coordinates": [29.87491177, 59.31783068]}, "properties": {"kind": "grave", "number": 75, "plot_area": 16.26, "in_plot": 1}}, {"type": "Feature", "geometry": {"type": "Polygon", "coordinates": [[[29.87488458, 59.31785193], [29.87486863, 59.3178171], [29.87494034, 59.31780929], [29.87495305, 59.31784447], [29.87488458, 59.31785193]]]}, "properties": {"kind": "plot", "numbers": [75], "area": 16.26}}, {"type": "Feature", "geometry": {"type": "Point", "coordinates": [29.87492786, 59.31787991]}, "properties": {"kind": "grave", "number": 72, "plot_area": 27.07, "in_plot": 1}}, {"type": "Feature", "geometry": {"type": "Polygon", "coordinates": [[[29.87487797, 59.31785787], [29.87490176, 59.31791022], [29.8749779, 59.31790231], [29.87495678, 59.31784929], [29.87487797, 59.31785787]]]}, "properties": {"kind": "plot", "numbers": [72], "area": 27.07}}, {"type": "Feature", "geometry": {"type": "Point", "coordinates": [29.874833, 59.31786099]}, "properties": {"kind": "grave", "number": 74, "plot_area": 17.04, "in_plot": 1}}, {"type": "Feature", "geometry": {"type": "Polygon", "coordinates": [[[29.87480793, 59.31788398], [29.87479178, 59.31784523], [29.87485808, 59.31783802], [29.87487423, 59.31787676], [29.87480793, 59.31788398]]]}, "properties": {"kind": "plot", "numbers": [74], "area": 17.04}}, {"type": "Feature", "geometry": {"type": "Point", "coordinates": [29.87486551, 59.31792711]}, "properties": {"kind": "grave", "number": 69, "plot_area": 12.19, "in_plot": 1}}, {"type": "Feature", "geometry": {"type": "Polygon", "coordinates": [[[29.87483436, 59.31794348], [29.87482291, 59.31791881], [29.8748972, 59.31791061], [29.87490811, 59.31793541], [29.87483436, 59.31794348]]]}, "properties": {"kind": "plot", "numbers": [69], "area": 12.19}}, {"type": "Feature", "geometry": {"type": "Point", "coordinates": [29.87485256, 59.3178978]}, "properties": {"kind": "grave", "number": 71, "plot_area": 13.2, "in_plot": 1}}, {"type": "Feature", "geometry": {"type": "Polygon", "coordinates": [[[29.87481001, 59.31788822], [29.87482179, 59.31791535], [29.87489445, 59.31790744], [29.87488378, 59.31788019], [29.87481001, 59.31788822]]]}, "properties": {"kind": "plot", "numbers": [71], "area": 13.2}}, {"type": "Feature", "geometry": {"type": "Point", "coordinates": [29.87501982, 59.31775199]}, "properties": {"kind": "grave", "number": 119, "plot_area": 4.6, "in_plot": 1}}, {"type": "Feature", "geometry": {"type": "Polygon", "coordinates": [[[29.87500188, 59.31776236], [29.87499702, 59.31774488], [29.87503777, 59.31774162], [29.87504302, 59.31775876], [29.87500188, 59.31776236]]]}, "properties": {"kind": "plot", "numbers": [119], "area": 4.6}}, {"type": "Feature", "geometry": {"type": "Point", "coordinates": [29.8750132, 59.3177845]}, "properties": {"kind": "grave", "number": 117, "plot_area": 13.75, "in_plot": 2}}, {"type": "Feature", "geometry": {"type": "Point", "coordinates": [29.87504409, 59.3177815]}, "properties": {"kind": "grave", "number": 116, "plot_area": 13.75, "in_plot": 2}}, {"type": "Feature", "geometry": {"type": "Polygon", "coordinates": [[[29.87500415, 59.31780325], [29.87499135, 59.31776874], [29.87505341, 59.31776348], [29.87506536, 59.31779699], [29.87500415, 59.31780325]]]}, "properties": {"kind": "plot", "numbers": [117, 116], "area": 13.75}}, {"type": "Feature", "geometry": {"type": "Point", "coordinates": [29.87504663, 59.3178167]}, "properties": {"kind": "grave", "number": 115, "plot_area": 8.01, "in_plot": 1}}, {"type": "Feature", "geometry": {"type": "Polygon", "coordinates": [[[29.87502943, 59.31783157], [29.87501667, 59.31780686], [29.87506641, 59.31780156], [29.87507655, 59.31782654], [29.87502943, 59.31783157]]]}, "properties": {"kind": "plot", "numbers": [115], "area": 8.01}}, {"type": "Feature", "geometry": {"type": "Point", "coordinates": [29.87505718, 59.31785814]}, "properties": {"kind": "grave", "number": 113, "plot_area": 17.39, "in_plot": 1}}, {"type": "Feature", "geometry": {"type": "Polygon", "coordinates": [[[29.87503433, 59.31788147], [29.875015, 59.31784174], [29.87508117, 59.3178347], [29.87509936, 59.31787454], [29.87503433, 59.31788147]]]}, "properties": {"kind": "plot", "numbers": [113], "area": 17.39}}, {"type": "Feature", "geometry": {"type": "Point", "coordinates": [29.87509396, 59.31790873]}, "properties": {"kind": "grave", "number": 110, "plot_area": 22.53, "in_plot": 1}}, {"type": "Feature", "geometry": {"type": "Polygon", "coordinates": [[[29.87506674, 59.31793405], [29.87504415, 59.31789163], [29.87512625, 59.31788288], [29.87514308, 59.31792591], [29.87506674, 59.31793405]]]}, "properties": {"kind": "plot", "numbers": [110], "area": 22.53}}, {"type": "Feature", "geometry": {"type": "Point", "coordinates": [29.87511985, 59.31795813]}, "properties": {"kind": "grave", "number": 108, "plot_area": 29.12, "in_plot": 1}}, {"type": "Feature", "geometry": {"type": "Polygon", "coordinates": [[[29.87509039, 59.31798894], [29.87506657, 59.31793614], [29.87515151, 59.3179271], [29.8751721, 59.31797957], [29.87509039, 59.31798894]]]}, "properties": {"kind": "plot", "numbers": [108], "area": 29.12}}, {"type": "Feature", "geometry": {"type": "Point", "coordinates": [29.87515107, 59.31801167]}, "properties": {"kind": "grave", "number": 104, "plot_area": 26.4, "in_plot": 1}}, {"type": "Feature", "geometry": {"type": "Polygon", "coordinates": [[[29.87509999, 59.31799119], [29.87512186, 59.31804069], [29.87520214, 59.31803214], [29.87518028, 59.31798263], [29.87509999, 59.31799119]]]}, "properties": {"kind": "plot", "numbers": [104], "area": 26.4}}, {"type": "Feature", "geometry": {"type": "Point", "coordinates": [29.87518789, 59.31808223]}, "properties": {"kind": "grave", "number": 102, "plot_area": 16.29, "in_plot": 1}}, {"type": "Feature", "geometry": {"type": "Polygon", "coordinates": [[[29.8751595, 59.31810336], [29.87514523, 59.31806876], [29.87521626, 59.3180611], [29.87523056, 59.3180957], [29.8751595, 59.31810336]]]}, "properties": {"kind": "plot", "numbers": [102], "area": 16.29}}, {"type": "Feature", "geometry": {"type": "Point", "coordinates": [29.87519772, 59.3181304]}, "properties": {"kind": "grave", "number": 100, "plot_area": 27.03, "in_plot": 1}}, {"type": "Feature", "geometry": {"type": "Polygon", "coordinates": [[[29.87516281, 59.31815755], [29.87514419, 59.31811164], [29.87523226, 59.31810231], [29.87525126, 59.31814917], [29.87516281, 59.31815755]]]}, "properties": {"kind": "plot", "numbers": [100], "area": 27.03}}, {"type": "Feature", "geometry": {"type": "Point", "coordinates": [29.87521092, 59.31819212]}, "properties": {"kind": "grave", "number": 95, "plot_area": 27.76, "in_plot": 2}}, {"type": "Feature", "geometry": {"type": "Point", "coordinates": [29.87525138, 59.31818725]}, "properties": {"kind": "grave", "number": 96, "plot_area": 27.76, "in_plot": 2}}, {"type": "Feature", "geometry": {"type": "Polygon", "coordinates": [[[29.87517856, 59.31816823], [29.87520346, 59.31821969], [29.87528374, 59.31821114], [29.87525998, 59.31815956], [29.87517856, 59.31816823]]]}, "properties": {"kind": "plot", "numbers": [95, 96], "area": 27.76}}, {"type": "Feature", "geometry": {"type": "Point", "coordinates": [29.87505675, 59.31764394]}, "properties": {"kind": "grave", "number": 124, "plot_area": 26.19, "in_plot": 1}}, {"type": "Feature", "geometry": {"type": "Polygon", "coordinates": [[[29.87503038, 59.31767476], [29.87500837, 59.31762142], [29.87508301, 59.31761285], [29.87510278, 59.31766724], [29.87503038, 59.31767476]]]}, "properties": {"kind": "plot", "numbers": [124], "area": 26.19}}, {"type": "Feature", "geometry": {"type": "Point", "coordinates": [29.87518574, 59.3176193]}, "properties": {"kind": "grave", "number": 172, "plot_area": 16.78, "in_plot": 1}}, {"type": "Feature", "geometry": {"type": "Polygon", "coordinates": [[[29.8751565, 59.31764116], [29.87514254, 59.31760602], [29.87521499, 59.31759743], [29.87522721, 59.31763316], [29.8751565, 59.31764116]]]}, "properties": {"kind": "plot", "numbers": [172], "area": 16.78}}, {"type": "Feature", "geometry": {"type": "Point", "coordinates": [29.87508659, 59.31772724]}, "properties": {"kind": "grave", "number": 121, "plot_area": 17.45, "in_plot": 2}}, {"type": "Feature", "geometry": {"type": "Point", "coordinates": [29.87509241, 59.31774559]}, "properties": {"kind": "grave", "number": 120, "plot_area": 17.45, "in_plot": 2}}, {"type": "Feature", "geometry": {"type": "Polygon", "coordinates": [[[29.87505939, 59.31775773], [29.87504695, 59.31772111], [29.87512043, 59.31771503], [29.87513204, 59.31775172], [29.87505939, 59.31775773]]]}, "properties": {"kind": "plot", "numbers": [121, 120], "area": 17.45}}, {"type": "Feature", "geometry": {"type": "Point", "coordinates": [29.87511982, 59.31782194]}, "properties": {"kind": "grave", "number": 114, "plot_area": 24.31, "in_plot": 1}}, {"type": "Feature", "geometry": {"type": "Polygon", "coordinates": [[[29.87510078, 59.31785234], [29.87507289, 59.31779877], [29.8751434, 59.31779175], [29.87516674, 59.31784511], [29.87510078, 59.31785234]]]}, "properties": {"kind": "plot", "numbers": [114], "area": 24.31}}, {"type": "Feature", "geometry": {"type": "Point", "coordinates": [29.87505683, 59.31769806]}, "properties": {"kind": "grave", "number": 123, "plot_area": 20.34, "in_plot": 2}}, {"type": "Feature", "geometry": {"type": "Point", "coordinates": [29.87509439, 59.3176948]}, "properties": {"kind": "grave", "number": 122, "plot_area": 20.34, "in_plot": 2}}, {"type": "Feature", "geometry": {"type": "Polygon", "coordinates": [[[29.87503137, 59.31767956], [29.87504618, 59.31772055], [29.87512024, 59.31771442], [29.87510611, 59.31767191], [29.87503137, 59.31767956]]]}, "properties": {"kind": "plot", "numbers": [123, 122], "area": 20.34}}, {"type": "Feature", "geometry": {"type": "Point", "coordinates": [29.87510462, 59.31777891]}, "properties": {"kind": "grave", "number": 118, "plot_area": 13.58, "in_plot": 1}}, {"type": "Feature", "geometry": {"type": "Polygon", "coordinates": [[[29.87506585, 59.31776607], [29.87507811, 59.31779825], [29.8751434, 59.31779175], [29.87512958, 59.3177601], [29.87506585, 59.31776607]]]}, "properties": {"kind": "plot", "numbers": [118], "area": 13.58}}, {"type": "Feature", "geometry": {"type": "Point", "coordinates": [29.87515819, 59.31786703]}, "properties": {"kind": "grave", "number": 112, "plot_area": 12.55, "in_plot": 1}}, {"type": "Feature", "geometry": {"type": "Polygon", "coordinates": [[[29.87513764, 59.31788745], [29.87512339, 59.3178525], [29.87517649, 59.31784684], [29.87519299, 59.31788156], [29.87513764, 59.31788745]]]}, "properties": {"kind": "plot", "numbers": [112], "area": 12.55}}, {"type": "Feature", "geometry": {"type": "Point", "coordinates": [29.8751789, 59.3179067]}, "properties": {"kind": "grave", "number": 111, "plot_area": 13.61, "in_plot": 1}}, {"type": "Feature", "geometry": {"type": "Polygon", "coordinates": [[[29.87516332, 59.31792839], [29.87514244, 59.31789055], [29.87519751, 59.31788468], [29.87521536, 59.31792285], [29.87516332, 59.31792839]]]}, "properties": {"kind": "plot", "numbers": [111], "area": 13.61}}, {"type": "Feature", "geometry": {"type": "Point", "coordinates": [29.87520076, 59.31794106]}, "properties": {"kind": "grave", "number": 109, "plot_area": 6.77, "in_plot": 1}}, {"type": "Feature", "geometry": {"type": "Polygon", "coordinates": [[[29.8751852, 59.3179551], [29.87517357, 59.31793156], [29.87521692, 59.31792694], [29.87522795, 59.31795056], [29.8751852, 59.3179551]]]}, "properties": {"kind": "plot", "numbers": [109], "area": 6.77}}, {"type": "Feature", "geometry": {"type": "Point", "coordinates": [29.87521756, 59.31797408]}, "properties": {"kind": "grave", "number": 107, "plot_area": 12.89, "in_plot": 1}}, {"type": "Feature", "geometry": {"type": "Polygon", "coordinates": [[[29.87518173, 59.31795899], [29.87520004, 59.31799468], [29.8752534, 59.31798918], [29.87523621, 59.31795324], [29.87518173, 59.31795899]]]}, "properties": {"kind": "plot", "numbers": [107], "area": 12.89}}, {"type": "Feature", "geometry": {"type": "Point", "coordinates": [29.87524995, 59.31801015]}, "properties": {"kind": "grave", "number": 106, "plot_area": 10.87, "in_plot": 2}}, {"type": "Feature", "geometry": {"type": "Point", "coordinates": [29.87522394, 59.31801312]}, "properties": {"kind": "grave", "number": 105, "plot_area": 10.87, "in_plot": 2}}, {"type": "Feature", "geometry": {"type": "Polygon", "coordinates": [[[29.87521994, 59.31803024], [29.87520384, 59.31799836], [29.87525612, 59.31799301], [29.87527004, 59.31802491], [29.87521994, 59.31803024]]]}, "properties": {"kind": "plot", "numbers": [106, 105], "area": 10.87}}, {"type": "Feature", "geometry": {"type": "Point", "coordinates": [29.87525895, 59.31805252]}, "properties": {"kind": "grave", "number": 103, "plot_area": 12.2, "in_plot": 1}}, {"type": "Feature", "geometry": {"type": "Polygon", "coordinates": [[[29.87524196, 59.31807275], [29.87522374, 59.31803785], [29.87527594, 59.3180323], [29.87529415, 59.31806718], [29.87524196, 59.31807275]]]}, "properties": {"kind": "plot", "numbers": [103], "area": 12.2}}, {"type": "Feature", "geometry": {"type": "Point", "coordinates": [29.87528375, 59.31810139]}, "properties": {"kind": "grave", "number": 101, "plot_area": 16.09, "in_plot": 1}}, {"type": "Feature", "geometry": {"type": "Polygon", "coordinates": [[[29.87526999, 59.31812599], [29.8752443, 59.31808245], [29.87530073, 59.31807644], [29.87532319, 59.31812032], [29.87526999, 59.31812599]]]}, "properties": {"kind": "plot", "numbers": [101], "area": 16.09}}, {"type": "Feature", "geometry": {"type": "Point", "coordinates": [29.87532168, 59.3181508]}, "properties": {"kind": "grave", "number": 98, "plot_area": 18.11, "in_plot": 2}}, {"type": "Feature", "geometry": {"type": "Point", "coordinates": [29.87529447, 59.31815469]}, "properties": {"kind": "grave", "number": 99, "plot_area": 18.11, "in_plot": 2}}, {"type": "Feature", "geometry": {"type": "Polygon", "coordinates": [[[29.87526705, 59.31813138], [29.87529365, 59.31818002], [29.8753491, 59.31817411], [29.8753225, 59.31812548], [29.87526705, 59.31813138]]]}, "properties": {"kind": "plot", "numbers": [98, 99], "area": 18.11}}, {"type": "Feature", "geometry": {"type": "Point", "coordinates": [29.87533561, 59.31819199]}, "properties": {"kind": "grave", "number": 97, "plot_area": 6.67, "in_plot": 1}}, {"type": "Feature", "geometry": {"type": "Polygon", "coordinates": [[[29.87531023, 59.31818107], [29.87532241, 59.31820703], [29.875361, 59.31820291], [29.87534884, 59.31817696], [29.87531023, 59.31818107]]]}, "properties": {"kind": "plot", "numbers": [97], "area": 6.67}}, {"type": "Feature", "geometry": {"type": "Point", "coordinates": [29.87535267, 59.31822176]}, "properties": {"kind": "grave", "number": 93, "plot_area": 9.98, "in_plot": 2}}, {"type": "Feature", "geometry": {"type": "Point", "coordinates": [29.87532705, 59.31822449]}, "properties": {"kind": "grave", "number": 94, "plot_area": 9.98, "in_plot": 2}}, {"type": "Feature", "geometry": {"type": "Polygon", "coordinates": [[[29.87530811, 59.3182108], [29.87532256, 59.31824067], [29.87537146, 59.31823546], [29.87535936, 59.31820535], [29.87530811, 59.3182108]]]}, "properties": {"kind": "plot", "numbers": [93, 94], "area": 9.98}}, {"type": "Feature", "geometry": {"type": "Point", "coordinates": [29.87535468, 59.3182548]}, "properties": {"kind": "grave", "number": 91, "plot_area": 6.85, "in_plot": 1}}, {"type": "Feature", "geometry": {"type": "Polygon", "coordinates": [[[29.8753366, 59.31826877], [29.87532832, 59.31824556], [29.87537276, 59.31824083], [29.87538185, 59.31826395], [29.8753366, 59.31826877]]]}, "properties": {"kind": "plot", "numbers": [91], "area": 6.85}}, {"type": "Feature", "geometry": {"type": "Point", "coordinates": [29.8753792, 59.31828374]}, "properties": {"kind": "grave", "number": 90, "plot_area": 6.57, "in_plot": 1}}, {"type": "Feature", "geometry": {"type": "Polygon", "coordinates": [[[29.87536836, 59.31829895], [29.87535445, 59.31827231], [29.87539257, 59.31826826], [29.87540396, 59.31829516], [29.87536836, 59.31829895]]]}, "properties": {"kind": "plot", "numbers": [90], "area": 6.57}}, {"type": "Feature", "geometry": {"type": "Point", "coordinates": [29.87537318, 59.31832476]}, "properties": {"kind": "grave", "number": 88, "plot_area": 23.4, "in_plot": 1}}, {"type": "Feature", "geometry": {"type": "Polygon", "coordinates": [[[29.87532181, 59.31830873], [29.87540803, 59.31829969], [29.87542454, 59.31834079], [29.87533859, 59.31834981], [29.87532181, 59.31830873]]]}, "properties": {"kind": "plot", "numbers": [88], "area": 23.4}}, {"type": "Feature", "geometry": {"type": "Point", "coordinates": [29.87541711, 59.31836325]}, "properties": {"kind": "grave", "number": 86, "plot_area": 5.88, "in_plot": 1}}, {"type": "Feature", "geometry": {"type": "Polygon", "coordinates": [[[29.87539392, 59.31835225], [29.87540484, 59.31837745], [29.87543869, 59.31837443], [29.87542978, 59.31834844], [29.87539392, 59.31835225]]]}, "properties": {"kind": "plot", "numbers": [86], "area": 5.88}}, {"type": "Feature", "geometry": {"type": "Point", "coordinates": [29.87537895, 59.31840208]}, "properties": {"kind": "grave", "number": 84, "plot_area": 8.39, "in_plot": 1}}, {"type": "Feature", "geometry": {"type": "Polygon", "coordinates": [[[29.87535672, 59.31841677], [29.87534774, 59.31839257], [29.87540122, 59.3183875], [29.87540994, 59.3184111], [29.87535672, 59.31841677]]]}, "properties": {"kind": "plot", "numbers": [84], "area": 8.39}}, {"type": "Feature", "geometry": {"type": "Point", "coordinates": [29.87542931, 59.31839672]}, "properties": {"kind": "grave", "number": 85, "plot_area": 9.67, "in_plot": 1}}, {"type": "Feature", "geometry": {"type": "Polygon", "coordinates": [[[29.87541216, 59.31841482], [29.87539962, 59.31838353], [29.87544646, 59.31837863], [29.87545896, 59.31840984], [29.87541216, 59.31841482]]]}, "properties": {"kind": "plot", "numbers": [85], "area": 9.67}}, {"type": "Feature", "geometry": {"type": "Point", "coordinates": [29.87542628, 59.31845137]}, "properties": {"kind": "grave", "number": 82, "plot_area": 31.56, "in_plot": 1}}, {"type": "Feature", "geometry": {"type": "Polygon", "coordinates": [[[29.87538505, 59.31847967], [29.87536352, 59.31843413], [29.87546752, 59.31842305], [29.87548904, 59.3184686], [29.87538505, 59.31847967]]]}, "properties": {"kind": "plot", "numbers": [82], "area": 31.56}}, {"type": "Feature", "geometry": {"type": "Point", "coordinates": [29.87547731, 59.31849337]}, "properties": {"kind": "grave", "number": 80, "plot_area": 13.71, "in_plot": 1}}, {"type": "Feature", "geometry": {"type": "Polygon", "coordinates": [[[29.87544011, 59.31847906], [29.87545587, 59.31851392], [29.87551404, 59.31850773], [29.87550024, 59.31847266], [29.87544011, 59.31847906]]]}, "properties": {"kind": "plot", "numbers": [80], "area": 13.71}}, {"type": "Feature", "geometry": {"type": "Point", "coordinates": [29.87541745, 59.31849974]}, "properties": {"kind": "grave", "number": 79, "plot_area": 9.49, "in_plot": 1}}, {"type": "Feature", "geometry": {"type": "Polygon", "coordinates": [[[29.87540016, 59.31851671], [29.87538626, 59.31848793], [29.87543663, 59.31848257], [29.87544864, 59.31851155], [29.87540016, 59.31851671]]]}, "properties": {"kind": "plot", "numbers": [79], "area": 9.49}}, {"type": "Feature", "geometry": {"type": "Point", "coordinates": [29.87534161, 59.3185133]}, "properties": {"kind": "grave", "number": 78, "plot_area": 27.06, "in_plot": 1}}, {"type": "Feature", "geometry": {"type": "Polygon", "coordinates": [[[29.87530613, 59.31854069], [29.8752869, 59.31849551], [29.87537704, 59.31848578], [29.87539632, 59.31853108], [29.87530613, 59.31854069]]]}, "properties": {"kind": "plot", "numbers": [78], "area": 27.06}}, {"type": "Feature", "geometry": {"type": "Point", "coordinates": [29.8753181, 59.31846288]}, "properties": {"kind": "grave", "number": 81, "plot_area": 27.04, "in_plot": 1}}, {"type": "Feature", "geometry": {"type": "Polygon", "coordinates": [[[29.87528406, 59.31849043], [29.87526263, 59.31844487], [29.87535132, 59.31843543], [29.87537358, 59.31848089], [29.87528406, 59.31849043]]]}, "properties": {"kind": "plot", "numbers": [81], "area": 27.04}}, {"type": "Feature", "geometry": {"type": "Point", "coordinates": [29.87528885, 59.31838668]}, "properties": {"kind": "grave", "number": 83, "plot_area": 33.01, "in_plot": 1}}, {"type": "Feature", "geometry": {"type": "Polygon", "coordinates": [[[29.87526856, 59.31842616], [29.87523942, 59.31835464], [29.87530915, 59.31834721], [29.87533827, 59.31841874], [29.87526856, 59.31842616]]]}, "properties": {"kind": "plot", "numbers": [83], "area": 33.01}}, {"type": "Feature", "geometry": {"type": "Point", "coordinates": [29.87526668, 59.31833426]}, "properties": {"kind": "grave", "number": 87, "plot_area": 14.62, "in_plot": 1}}, {"type": "Feature", "geometry": {"type": "Polygon", "coordinates": [[[29.87523436, 59.318353], [29.87522382, 59.31832353], [29.87529901, 59.31831552], [29.87530987, 59.31834495], [29.87523436, 59.318353]]]}, "properties": {"kind": "plot", "numbers": [87], "area": 14.62}}, {"type": "Feature", "geometry": {"type": "Point", "coordinates": [29.87525832, 59.3182949]}, "properties": {"kind": "grave", "number": 89, "plot_area": 27.7, "in_plot": 1}}, {"type": "Feature", "geometry": {"type": "Polygon", "coordinates": [[[29.87521906, 59.31832196], [29.87520059, 59.31827817], [29.87529818, 59.31826778], [29.87531281, 59.31831172], [29.87521906, 59.31832196]]]}, "properties": {"kind": "plot", "numbers": [89], "area": 27.7}}, {"type": "Feature", "geometry": {"type": "Point", "coordinates": [29.87525169, 59.31824438]}, "properties": {"kind": "grave", "number": 92, "plot_area": 30.18, "in_plot": 1}}, {"type": "Feature", "geometry": {"type": "Polygon", "coordinates": [[[29.87521865, 59.31827547], [29.87519805, 59.31822253], [29.87528473, 59.3182133], [29.87530452, 59.31826632], [29.87521865, 59.31827547]]]}, "properties": {"kind": "plot", "numbers": [92], "area": 30.18}}, {"type": "Feature", "geometry": {"type": "Point", "coordinates": [29.87558726, 59.31838835]}, "properties": {"kind": "grave", "number": 125, "plot_area": 21.19, "in_plot": 1}}, {"type": "Feature", "geometry": {"type": "Polygon", "coordinates": [[[29.87556642, 59.31841736], [29.87554417, 59.31836669], [29.8756081, 59.31835935], [29.87562801, 59.31841029], [29.87556642, 59.31841736]]]}, "properties": {"kind": "plot", "numbers": [125], "area": 21.19}}, {"type": "Feature", "geometry": {"type": "Point", "coordinates": [29.87555827, 59.31832563]}, "properties": {"kind": "grave", "number": 126, "plot_area": 27.71, "in_plot": 1}}, {"type": "Feature", "geometry": {"type": "Polygon", "coordinates": [[[29.87553747, 59.3183607], [29.87551095, 59.31829837], [29.87557906, 59.31829056], [29.87560301, 59.31835318], [29.87553747, 59.3183607]]]}, "properties": {"kind": "plot", "numbers": [126], "area": 27.71}}, {"type": "Feature", "geometry": {"type": "Point", "coordinates": [29.87562719, 59.3183121]}, "properties": {"kind": "grave", "number": 127, "plot_area": 18.76, "in_plot": 1}}, {"type": "Feature", "geometry": {"type": "Polygon", "coordinates": [[[29.87561246, 59.31834082], [29.87558724, 59.31828962], [29.87564447, 59.31828305], [29.87566451, 59.31833488], [29.87561246, 59.31834082]]]}, "properties": {"kind": "plot", "numbers": [127], "area": 18.76}}, {"type": "Feature", "geometry": {"type": "Point", "coordinates": [29.87552051, 59.31826416]}, "properties": {"kind": "grave", "number": 128, "plot_area": 18.06, "in_plot": 2}}, {"type": "Feature", "geometry": {"type": "Point", "coordinates": [29.87554735, 59.31826108]}, "properties": {"kind": "grave", "number": 129, "plot_area": 18.06, "in_plot": 2}}, {"type": "Feature", "geometry": {"type": "Polygon", "coordinates": [[[29.87552083, 59.31829146], [29.87549567, 59.31823966], [29.87554934, 59.31823351], [29.8755713, 59.31828567], [29.87552083, 59.31829146]]]}, "properties": {"kind": "plot", "numbers": [128, 129], "area": 18.06}}, {"type": "Feature", "geometry": {"type": "Point", "coordinates": [29.87561318, 59.31825348]}, "properties": {"kind": "grave", "number": 131, "plot_area": 19.03, "in_plot": 2}}, {"type": "Feature", "geometry": {"type": "Point", "coordinates": [29.87558528, 59.31825676]}, "properties": {"kind": "grave", "number": 130, "plot_area": 19.03, "in_plot": 2}}, {"type": "Feature", "geometry": {"type": "Polygon", "coordinates": [[[29.87558503, 59.31828409], [29.87555958, 59.31823232], [29.87561545, 59.31822592], [29.87563888, 59.31827791], [29.87558503, 59.31828409]]]}, "properties": {"kind": "plot", "numbers": [131, 130], "area": 19.03}}, {"type": "Feature", "geometry": {"type": "Point", "coordinates": [29.87550798, 59.31821392]}, "properties": {"kind": "grave", "number": 132, "plot_area": 13.77, "in_plot": 1}}, {"type": "Feature", "geometry": {"type": "Polygon", "coordinates": [[[29.87549392, 59.31823763], [29.87547364, 59.31819563], [29.87552314, 59.31818996], [29.87554232, 59.31823221], [29.87549392, 59.31823763]]]}, "properties": {"kind": "plot", "numbers": [132], "area": 13.77}}, {"type": "Feature", "geometry": {"type": "Point", "coordinates": [29.87545555, 59.31817141]}, "properties": {"kind": "grave", "number": 136, "plot_area": 13.7, "in_plot": 1}}, {"type": "Feature", "geometry": {"type": "Polygon", "coordinates": [[[29.87544481, 59.3181955], [29.87542128, 59.31815247], [29.87547069, 59.3181468], [29.87548981, 59.31819035], [29.87544481, 59.3181955]]]}, "properties": {"kind": "plot", "numbers": [136], "area": 13.7}}, {"type": "Feature", "geometry": {"type": "Point", "coordinates": [29.87543062, 59.3181236]}, "properties": {"kind": "grave", "number": 139, "plot_area": 12.41, "in_plot": 1}}, {"type": "Feature", "geometry": {"type": "Polygon", "coordinates": [[[29.87541307, 59.31814441], [29.87539637, 59.31810874], [29.87544867, 59.31810275], [29.87546488, 59.31813847], [29.87541307, 59.31814441]]]}, "properties": {"kind": "plot", "numbers": [139], "area": 12.41}}, {"type": "Feature", "geometry": {"type": "Point", "coordinates": [29.87519752, 59.31766048]}, "properties": {"kind": "grave", "number": 169, "plot_area": 18.72, "in_plot": 1}}, {"type": "Feature", "geometry": {"type": "Polygon", "coordinates": [[[29.875168, 59.31768412], [29.87515419, 59.31764521], [29.87522704, 59.31763685], [29.87524092, 59.31767575], [29.875168, 59.31768412]]]}, "properties": {"kind": "plot", "numbers": [169], "area": 18.72}}, {"type": "Feature", "geometry": {"type": "Point", "coordinates": [29.87524746, 59.31778319]}, "properties": {"kind": "grave", "number": 159, "plot_area": 26.9, "in_plot": 1}}, {"type": "Feature", "geometry": {"type": "Polygon", "coordinates": [[[29.8751978, 59.31776073], [29.87522181, 59.31781429], [29.87529667, 59.3178057], [29.87527356, 59.31775204], [29.8751978, 59.31776073]]]}, "properties": {"kind": "plot", "numbers": [159], "area": 26.9}}, {"type": "Feature", "geometry": {"type": "Point", "coordinates": [29.8752476, 59.31786059]}, "properties": {"kind": "grave", "number": 154, "plot_area": 31.16, "in_plot": 2}}, {"type": "Feature", "geometry": {"type": "Point", "coordinates": [29.87527678, 59.31785696]}, "properties": {"kind": "grave", "number": 155, "plot_area": 31.16, "in_plot": 2}}, {"type": "Feature", "geometry": {"type": "Polygon", "coordinates": [[[29.87521363, 59.31782176], [29.87525391, 59.31790288], [29.87531072, 59.3178958], [29.87527275, 59.31781607], [29.87521363, 59.31782176]]]}, "properties": {"kind": "plot", "numbers": [154, 155], "area": 31.16}}, {"type": "Feature", "geometry": {"type": "Point", "coordinates": [29.87532504, 59.31792296]}, "properties": {"kind": "grave", "number": 152, "plot_area": 23.82, "in_plot": 1}}, {"type": "Feature", "geometry": {"type": "Polygon", "coordinates": [[[29.8752782, 59.31790105], [29.87530399, 59.31795267], [29.87537188, 59.31794488], [29.87534789, 59.31789305], [29.8752782, 59.31790105]]]}, "properties": {"kind": "plot", "numbers": [152], "area": 23.82}}, {"type": "Feature", "geometry": {"type": "Point", "coordinates": [29.87537209, 59.31797889]}, "properties": {"kind": "grave", "number": 147, "plot_area": 25.31, "in_plot": 2}}, {"type": "Feature", "geometry": {"type": "Point", "coordinates": [29.87533671, 59.31798304]}, "properties": {"kind": "grave", "number": 148, "plot_area": 25.31, "in_plot": 2}}, {"type": "Feature", "geometry": {"type": "Polygon", "coordinates": [[[29.87533311, 59.31801196], [29.87530681, 59.31795788], [29.87537765, 59.31794974], [29.875402, 59.31800405], [29.87533311, 59.31801196]]]}, "properties": {"kind": "plot", "numbers": [147, 148], "area": 25.31}}, {"type": "Feature", "geometry": {"type": "Point", "coordinates": [29.87516924, 59.3175101]}, "properties": {"kind": "grave", "number": 176, "plot_area": 26.1, "in_plot": 1}}, {"type": "Feature", "geometry": {"type": "Polygon", "coordinates": [[[29.87512168, 59.31748748], [29.87514394, 59.31754108], [29.87521777, 59.31753272], [29.87519424, 59.31747915], [29.87512168, 59.31748748]]]}, "properties": {"kind": "plot", "numbers": [176], "area": 26.1}}, {"type": "Feature", "geometry": {"type": "Point", "coordinates": [29.87520975, 59.31756982]}, "properties": {"kind": "grave", "number": 173, "plot_area": 20.06, "in_plot": 2}}, {"type": "Feature", "geometry": {"type": "Point", "coordinates": [29.87518055, 59.31757303]}, "properties": {"kind": "grave", "number": 174, "plot_area": 20.06, "in_plot": 2}}, {"type": "Feature", "geometry": {"type": "Polygon", "coordinates": [[[29.87515498, 59.31754859], [29.87517703, 59.31760095], [29.87523395, 59.31759442], [29.87521327, 59.31754189], [29.87515498, 59.31754859]]]}, "properties": {"kind": "plot", "numbers": [173, 174], "area": 20.06}}, {"type": "Feature", "geometry": {"type": "Point", "coordinates": [29.87524451, 59.31743454]}, "properties": {"kind": "grave", "number": 184, "plot_area": 12.34, "in_plot": 1}}, {"type": "Feature", "geometry": {"type": "Polygon", "coordinates": [[[29.87521113, 59.31741871], [29.8752254, 59.31745568], [29.87527459, 59.31745071], [29.87526373, 59.3174137], [29.87521113, 59.31741871]]]}, "properties": {"kind": "plot", "numbers": [184], "area": 12.34}}, {"type": "Feature", "geometry": {"type": "Point", "coordinates": [29.87531768, 59.31751078]}, "properties": {"kind": "grave", "number": 180, "plot_area": 10.93, "in_plot": 1}}, {"type": "Feature", "geometry": {"type": "Polygon", "coordinates": [[[29.8752994, 59.31752998], [29.87528495, 59.31749744], [29.87533607, 59.31749156], [29.87534936, 59.31752387], [29.8752994, 59.31752998]]]}, "properties": {"kind": "plot", "numbers": [180], "area": 10.93}}, {"type": "Feature", "geometry": {"type": "Point", "coordinates": [29.87523797, 59.31747837]}, "properties": {"kind": "grave", "number": 181, "plot_area": 10.51, "in_plot": 1}}, {"type": "Feature", "geometry": {"type": "Polygon", "coordinates": [[[29.87522059, 59.3174967], [29.87520674, 59.31746506], [29.87525757, 59.31745978], [29.87526935, 59.3174921], [29.87522059, 59.3174967]]]}, "properties": {"kind": "plot", "numbers": [181], "area": 10.51}}, {"type": "Feature", "geometry": {"type": "Point", "coordinates": [29.87530145, 59.31743562]}, "properties": {"kind": "grave", "number": 185, "plot_area": 9.44, "in_plot": 1}}, {"type": "Feature", "geometry": {"type": "Polygon", "coordinates": [[[29.87528718, 59.31745514], [29.87527382, 59.31742109], [29.87531571, 59.3174161], [29.87532886, 59.31745008], [29.87528718, 59.31745514]]]}, "properties": {"kind": "plot", "numbers": [185], "area": 9.44}}, {"type": "Feature", "geometry": {"type": "Point", "coordinates": [29.87523471, 59.31752205]}, "properties": {"kind": "grave", "number": 177, "plot_area": 16.35, "in_plot": 3}}, {"type": "Feature", "geometry": {"type": "Point", "coordinates": [29.87525503, 59.31751998]}, "properties": {"kind": "grave", "number": 178, "plot_area": 16.35, "in_plot": 3}}, {"type": "Feature", "geometry": {"type": "Point", "coordinates": [29.87527535, 59.31751791]}, "properties": {"kind": "grave", "number": 179, "plot_area": 16.35, "in_plot": 3}}, {"type": "Feature", "geometry": {"type": "Polygon", "coordinates": [[[29.87523354, 59.31754339], [29.87521655, 59.31750255], [29.87527751, 59.31749634], [29.87529351, 59.3175374], [29.87523354, 59.31754339]]]}, "properties": {"kind": "plot", "numbers": [177, 178, 179], "area": 16.35}}, {"type": "Feature", "geometry": {"type": "Point", "coordinates": [29.87527303, 59.31755519]}, "properties": {"kind": "grave", "number": 175, "plot_area": 2.8, "in_plot": 1}}, {"type": "Feature", "geometry": {"type": "Polygon", "coordinates": [[[29.87524809, 59.31756098], [29.87524662, 59.31755297], [29.87529796, 59.31754932], [29.87529984, 59.31755821], [29.87524809, 59.31756098]]]}, "properties": {"kind": "plot", "numbers": [175], "area": 2.8}}, {"type": "Feature", "geometry": {"type": "Point", "coordinates": [29.87529988, 59.31765629]}, "properties": {"kind": "grave", "number": 170, "plot_area": 4.56, "in_plot": 1}}, {"type": "Feature", "geometry": {"type": "Polygon", "coordinates": [[[29.87527834, 59.31766582], [29.87527142, 59.31765237], [29.8753221, 59.31764639], [29.87532762, 59.3176603], [29.87527834, 59.31766582]]]}, "properties": {"kind": "plot", "numbers": [170], "area": 4.56}}, {"type": "Feature", "geometry": {"type": "Point", "coordinates": [29.87537003, 59.31763374]}, "properties": {"kind": "grave", "number": 171, "plot_area": 20.38, "in_plot": 1}}, {"type": "Feature", "geometry": {"type": "Polygon", "coordinates": [[[29.87535067, 59.31766315], [29.87532861, 59.31761172], [29.87538939, 59.31760433], [29.87540833, 59.31765654], [29.87535067, 59.31766315]]]}, "properties": {"kind": "plot", "numbers": [171], "area": 20.38}}, {"type": "Feature", "geometry": {"type": "Point", "coordinates": [29.87531555, 59.31768224]}, "properties": {"kind": "grave", "number": 167, "plot_area": 3.44, "in_plot": 1}}, {"type": "Feature", "geometry": {"type": "Polygon", "coordinates": [[[29.87529029, 59.31768941], [29.87528603, 59.31768033], [29.87534094, 59.31767431], [29.87534508, 59.31768415], [29.87529029, 59.31768941]]]}, "properties": {"kind": "plot", "numbers": [167], "area": 3.44}}, {"type": "Feature", "geometry": {"type": "Point", "coordinates": [29.8754373, 59.31735954]}, "properties": {"kind": "grave", "number": 272, "plot_area": 15.09, "in_plot": 2}}, {"type": "Feature", "geometry": {"type": "Point", "coordinates": [29.87540538, 59.31736269]}, "properties": {"kind": "grave", "number": 273, "plot_area": 15.09, "in_plot": 2}}, {"type": "Feature", "geometry": {"type": "Polygon", "coordinates": [[[29.87539598, 59.31738128], [29.87538253, 59.317346], [29.87544634, 59.31733965], [29.87546017, 59.31737628], [29.87539598, 59.31738128]]]}, "properties": {"kind": "plot", "numbers": [272, 273], "area": 15.09}}, {"type": "Feature", "geometry": {"type": "Point", "coordinates": [29.87529965, 59.31747159]}, "properties": {"kind": "grave", "number": 182, "plot_area": 9.14, "in_plot": 2}}, {"type": "Feature", "geometry": {"type": "Point", "coordinates": [29.87532289, 59.31746913]}, "properties": {"kind": "grave", "number": 183, "plot_area": 9.14, "in_plot": 2}}, {"type": "Feature", "geometry": {"type": "Polygon", "coordinates": [[[29.87529478, 59.31748771], [29.87528182, 59.31745748], [29.87532831, 59.31745257], [29.87533903, 59.31748342], [29.87529478, 59.31748771]]]}, "properties": {"kind": "plot", "numbers": [182, 183], "area": 9.14}}, {"type": "Feature", "geometry": {"type": "Point", "coordinates": [29.87539596, 59.3179082]}, "properties": {"kind": "grave", "number": 153, "plot_area": 24.86, "in_plot": 1}}, {"type": "Feature", "geometry": {"type": "Polygon", "coordinates": [[[29.87537336, 59.31793877], [29.87534899, 59.31788562], [29.87541951, 59.31787752], [29.87544291, 59.31793079], [29.87537336, 59.31793877]]]}, "properties": {"kind": "plot", "numbers": [153], "area": 24.86}}, {"type": "Feature", "geometry": {"type": "Point", "coordinates": [29.87533375, 59.31786726]}, "properties": {"kind": "grave", "number": 156, "plot_area": 10.49, "in_plot": 1}}, {"type": "Feature", "geometry": {"type": "Polygon", "coordinates": [[[29.87531271, 59.31788487], [29.87529919, 59.31785592], [29.87535551, 59.31784945], [29.87536469, 59.31787902], [29.87531271, 59.31788487]]]}, "properties": {"kind": "plot", "numbers": [156], "area": 10.49}}, {"type": "Feature", "geometry": {"type": "Point", "coordinates": [29.875455, 59.31745271]}, "properties": {"kind": "grave", "number": 262, "plot_area": 24.57, "in_plot": 1}}, {"type": "Feature", "geometry": {"type": "Polygon", "coordinates": [[[29.8754269, 59.31747977], [29.8754117, 59.31742835], [29.87548893, 59.31742523], [29.87549829, 59.31747708], [29.8754269, 59.31747977]]]}, "properties": {"kind": "plot", "numbers": [262], "area": 24.57}}, {"type": "Feature", "geometry": {"type": "Point", "coordinates": [29.87547682, 59.31750371]}, "properties": {"kind": "grave", "number": 259, "plot_area": 10.86, "in_plot": 1}}, {"type": "Feature", "geometry": {"type": "Polygon", "coordinates": [[[29.87545746, 59.31752208], [29.87544579, 59.31748962], [29.87549721, 59.31748509], [29.87550791, 59.31751794], [29.87545746, 59.31752208]]]}, "properties": {"kind": "plot", "numbers": [259], "area": 10.86}}, {"type": "Feature", "geometry": {"type": "Point", "coordinates": [29.87548903, 59.31754035]}, "properties": {"kind": "grave", "number": 256, "plot_area": 8.97, "in_plot": 1}}, {"type": "Feature", "geometry": {"type": "Polygon", "coordinates": [[[29.87546731, 59.31755599], [29.87545719, 59.31753072], [29.87551075, 59.31752471], [29.87552081, 59.31754999], [29.87546731, 59.31755599]]]}, "properties": {"kind": "plot", "numbers": [256], "area": 8.97}}, {"type": "Feature", "geometry": {"type": "Point", "coordinates": [29.87547421, 59.3176111]}, "properties": {"kind": "grave", "number": 251, "plot_area": 26.01, "in_plot": 2}}, {"type": "Feature", "geometry": {"type": "Point", "coordinates": [29.87551197, 59.31760651]}, "properties": {"kind": "grave", "number": 252, "plot_area": 26.01, "in_plot": 2}}, {"type": "Feature", "geometry": {"type": "Polygon", "coordinates": [[[29.87544308, 59.31758706], [29.87546876, 59.31763888], [29.8755431, 59.31763055], [29.875519, 59.31757874], [29.87544308, 59.31758706]]]}, "properties": {"kind": "plot", "numbers": [251, 252], "area": 26.01}}, {"type": "Feature", "geometry": {"type": "Point", "coordinates": [29.87552112, 59.31765535]}, "properties": {"kind": "grave", "number": 246, "plot_area": 11.35, "in_plot": 1}}, {"type": "Feature", "geometry": {"type": "Polygon", "coordinates": [[[29.8754972, 59.31767251], [29.87548395, 59.31764504], [29.87554644, 59.31763803], [29.8755583, 59.31766566], [29.8754972, 59.31767251]]]}, "properties": {"kind": "plot", "numbers": [246], "area": 11.35}}, {"type": "Feature", "geometry": {"type": "Point", "coordinates": [29.87554346, 59.31770524]}, "properties": {"kind": "grave", "number": 239, "plot_area": 23.52, "in_plot": 2}}, {"type": "Feature", "geometry": {"type": "Point", "coordinates": [29.87550672, 59.31770936]}, "properties": {"kind": "grave", "number": 240, "plot_area": 23.52, "in_plot": 2}}, {"type": "Feature", "geometry": {"type": "Polygon", "coordinates": [[[29.87547775, 59.31768673], [29.87549934, 59.31773607], [29.87556937, 59.31772791], [29.87555122, 59.31767848], [29.87547775, 59.31768673]]]}, "properties": {"kind": "plot", "numbers": [239, 240], "area": 23.52}}, {"type": "Feature", "geometry": {"type": "Point", "coordinates": [29.87539195, 59.31768908]}, "properties": {"kind": "grave", "number": 168, "plot_area": 14.97, "in_plot": 1}}, {"type": "Feature", "geometry": {"type": "Polygon", "coordinates": [[[29.8753698, 59.31771219], [29.87535621, 59.31767262], [29.87541411, 59.31766597], [29.8754262, 59.31770612], [29.8753698, 59.31771219]]]}, "properties": {"kind": "plot", "numbers": [168], "area": 14.97}}, {"type": "Feature", "geometry": {"type": "Point", "coordinates": [29.87554876, 59.31776262]}, "properties": {"kind": "grave", "number": 233, "plot_area": 23.94, "in_plot": 1}}, {"type": "Feature", "geometry": {"type": "Polygon", "coordinates": [[[29.87552486, 59.31779256], [29.87550433, 59.31774035], [29.87557266, 59.31773268], [29.87559494, 59.3177847], [29.87552486, 59.31779256]]]}, "properties": {"kind": "plot", "numbers": [233], "area": 23.94}}, {"type": "Feature", "geometry": {"type": "Point", "coordinates": [29.87559714, 59.31781416]}, "properties": {"kind": "grave", "number": 226, "plot_area": 17.9, "in_plot": 4}}, {"type": "Feature", "geometry": {"type": "Point", "coordinates": [29.87558036, 59.31781585]}, "properties": {"kind": "grave", "number": 227, "plot_area": 17.9, "in_plot": 4}}, {"type": "Feature", "geometry": {"type": "Point", "coordinates": [29.87556359, 59.31781755]}, "properties": {"kind": "grave", "number": 228, "plot_area": 17.9, "in_plot": 4}}, {"type": "Feature", "geometry": {"type": "Point", "coordinates": [29.87554682, 59.31781924]}, "properties": {"kind": "grave", "number": 229, "plot_area": 17.9, "in_plot": 4}}, {"type": "Feature", "geometry": {"type": "Polygon", "coordinates": [[[29.87553065, 59.3178], [29.87554637, 59.31784062], [29.87561317, 59.31783313], [29.87559758, 59.31779278], [29.87553065, 59.3178]]]}, "properties": {"kind": "plot", "numbers": [226, 227, 228, 229], "area": 17.9}}, {"type": "Feature", "geometry": {"type": "Point", "coordinates": [29.87532288, 59.31777453]}, "properties": {"kind": "grave", "number": 160, "plot_area": 26.29, "in_plot": 2}}, {"type": "Feature", "geometry": {"type": "Point", "coordinates": [29.87535975, 59.3177703]}, "properties": {"kind": "grave", "number": 161, "plot_area": 26.29, "in_plot": 2}}, {"type": "Feature", "geometry": {"type": "Polygon", "coordinates": [[[29.87531623, 59.31780345], [29.87529267, 59.31774984], [29.8753661, 59.31774142], [29.87538996, 59.31779499], [29.87531623, 59.31780345]]]}, "properties": {"kind": "plot", "numbers": [160, 161], "area": 26.29}}, {"type": "Feature", "geometry": {"type": "Point", "coordinates": [29.87536978, 59.31782374]}, "properties": {"kind": "grave", "number": 158, "plot_area": 18.83, "in_plot": 1}}, {"type": "Feature", "geometry": {"type": "Polygon", "coordinates": [[[29.87533847, 59.31784545], [29.87532072, 59.31781103], [29.87540394, 59.31780171], [29.87541871, 59.31783622], [29.87533847, 59.31784545]]]}, "properties": {"kind": "plot", "numbers": [158], "area": 18.83}}, {"type": "Feature", "geometry": {"type": "Point", "coordinates": [29.8753974, 59.31785814]}, "properties": {"kind": "grave", "number": 157, "plot_area": 11.79, "in_plot": 1}}, {"type": "Feature", "geometry": {"type": "Polygon", "coordinates": [[[29.87537415, 59.3178768], [29.87536255, 59.31784614], [29.87542064, 59.31783947], [29.87543218, 59.31787014], [29.87537415, 59.3178768]]]}, "properties": {"kind": "plot", "numbers": [157], "area": 11.79}}, {"type": "Feature", "geometry": {"type": "Point", "coordinates": [29.87532099, 59.31773327]}, "properties": {"kind": "grave", "number": 163, "plot_area": 16.5, "in_plot": 3}}, {"type": "Feature", "geometry": {"type": "Point", "coordinates": [29.87531639, 59.31772321]}, "properties": {"kind": "grave", "number": 164, "plot_area": 16.5, "in_plot": 3}}, {"type": "Feature", "geometry": {"type": "Point", "coordinates": [29.8753118, 59.31771315]}, "properties": {"kind": "grave", "number": 165, "plot_area": 16.5, "in_plot": 3}}, {"type": "Feature", "geometry": {"type": "Polygon", "coordinates": [[[29.87528171, 59.31774326], [29.87526869, 59.31771325], [29.87535108, 59.31770316], [29.87536331, 59.31773352], [29.87528171, 59.31774326]]]}, "properties": {"kind": "plot", "numbers": [163, 164, 165], "area": 16.5}}, {"type": "Feature", "geometry": {"type": "Point", "coordinates": [29.87522724, 59.31772839]}, "properties": {"kind": "grave", "number": 162, "plot_area": 18.12, "in_plot": 1}}, {"type": "Feature", "geometry": {"type": "Polygon", "coordinates": [[[29.87520078, 59.31775217], [29.87518351, 59.31771286], [29.8752537, 59.31770461], [29.87526853, 59.3177444], [29.87520078, 59.31775217]]]}, "properties": {"kind": "plot", "numbers": [162], "area": 18.12}}, {"type": "Feature", "geometry": {"type": "Point", "coordinates": [29.87521635, 59.31769867]}, "properties": {"kind": "grave", "number": 166, "plot_area": 7.36, "in_plot": 1}}, {"type": "Feature", "geometry": {"type": "Polygon", "coordinates": [[[29.87518481, 59.31770954], [29.87517975, 59.31769287], [29.8752478, 59.31768749], [29.87525146, 59.31770459], [29.87518481, 59.31770954]]]}, "properties": {"kind": "plot", "numbers": [166], "area": 7.36}}, {"type": "Feature", "geometry": {"type": "Point", "coordinates": [29.87550852, 59.31810621]}, "properties": {"kind": "grave", "number": 140, "plot_area": 16.17, "in_plot": 2}}, {"type": "Feature", "geometry": {"type": "Point", "coordinates": [29.87551477, 59.31812044]}, "properties": {"kind": "grave", "number": 141, "plot_area": 16.17, "in_plot": 2}}, {"type": "Feature", "geometry": {"type": "Polygon", "coordinates": [[[29.87547573, 59.3181324], [29.87546194, 59.31810409], [29.87554885, 59.31809411], [29.87555929, 59.31812281], [29.87547573, 59.3181324]]]}, "properties": {"kind": "plot", "numbers": [140, 141], "area": 16.17}}, {"type": "Feature", "geometry": {"type": "Point", "coordinates": [29.87549506, 59.31807727]}, "properties": {"kind": "grave", "number": 142, "plot_area": 18.31, "in_plot": 1}}, {"type": "Feature", "geometry": {"type": "Polygon", "coordinates": [[[29.87545977, 59.31809776], [29.87544297, 59.31806681], [29.87553341, 59.31805643], [29.8755449, 59.31808798], [29.87545977, 59.31809776]]]}, "properties": {"kind": "plot", "numbers": [142], "area": 18.31}}, {"type": "Feature", "geometry": {"type": "Point", "coordinates": [29.87541341, 59.31804103]}, "properties": {"kind": "grave", "number": 143, "plot_area": 21.35, "in_plot": 2}}, {"type": "Feature", "geometry": {"type": "Point", "coordinates": [29.87542081, 59.31805755]}, "properties": {"kind": "grave", "number": 144, "plot_area": 21.35, "in_plot": 2}}, {"type": "Feature", "geometry": {"type": "Polygon", "coordinates": [[[29.87537976, 59.31807082], [29.87535979, 59.31803862], [29.87545949, 59.31802694], [29.87547443, 59.31805996], [29.87537976, 59.31807082]]]}, "properties": {"kind": "plot", "numbers": [143, 144], "area": 21.35}}, {"type": "Feature", "geometry": {"type": "Point", "coordinates": [29.87549076, 59.31803027]}, "properties": {"kind": "grave", "number": 145, "plot_area": 20.18, "in_plot": 1}}, {"type": "Feature", "geometry": {"type": "Polygon", "coordinates": [[[29.87547443, 59.31805996], [29.87544972, 59.31800717], [29.8755061, 59.31800028], [29.87553181, 59.31805337], [29.87547443, 59.31805996]]]}, "properties": {"kind": "plot", "numbers": [145], "area": 20.18}}, {"type": "Feature", "geometry": {"type": "Point", "coordinates": [29.87542921, 59.31802245]}, "properties": {"kind": "grave", "number": 146, "plot_area": 1.3, "in_plot": 1}}, {"type": "Feature", "geometry": {"type": "Polygon", "coordinates": [[[29.87541799, 59.31802772], [29.87541489, 59.3180201], [29.87544043, 59.31801717], [29.87544375, 59.31802476], [29.87541799, 59.31802772]]]}, "properties": {"kind": "plot", "numbers": [146], "area": 1.3}}, {"type": "Feature", "geometry": {"type": "Point", "coordinates": [29.87546311, 59.31796483]}, "properties": {"kind": "grave", "number": 149, "plot_area": 24.4, "in_plot": 3}}, {"type": "Feature", "geometry": {"type": "Point", "coordinates": [29.87544021, 59.31796816]}, "properties": {"kind": "grave", "number": 150, "plot_area": 24.4, "in_plot": 3}}, {"type": "Feature", "geometry": {"type": "Point", "coordinates": [29.87541731, 59.31797148]}, "properties": {"kind": "grave", "number": 151, "plot_area": 24.4, "in_plot": 3}}, {"type": "Feature", "geometry": {"type": "Polygon", "coordinates": [[[29.87542073, 59.31799813], [29.87539083, 59.31794609], [29.87546063, 59.31793808], [29.87548959, 59.31799022], [29.87542073, 59.31799813]]]}, "properties": {"kind": "plot", "numbers": [149, 150, 151], "area": 24.4}}, {"type": "Feature", "geometry": {"type": "Point", "coordinates": [29.87555953, 59.31821438]}, "properties": {"kind": "grave", "number": 133, "plot_area": 11.32, "in_plot": 3}}, {"type": "Feature", "geometry": {"type": "Point", "coordinates": [29.8755786, 59.31821218]}, "properties": {"kind": "grave", "number": 134, "plot_area": 11.32, "in_plot": 3}}, {"type": "Feature", "geometry": {"type": "Point", "coordinates": [29.87559768, 59.31820999]}, "properties": {"kind": "grave", "number": 135, "plot_area": 11.32, "in_plot": 3}}, {"type": "Feature", "geometry": {"type": "Polygon", "coordinates": [[[29.87555657, 59.31823043], [29.87554341, 59.3182005], [29.87559964, 59.31819405], [29.8756138, 59.31822387], [29.87555657, 59.31823043]]]}, "properties": {"kind": "plot", "numbers": [133, 134, 135], "area": 11.32}}, {"type": "Feature", "geometry": {"type": "Point", "coordinates": [29.87557377, 59.31818363]}, "properties": {"kind": "grave", "number": 137, "plot_area": 8.8, "in_plot": 1}}, {"type": "Feature", "geometry": {"type": "Polygon", "coordinates": [[[29.87554509, 59.31819714], [29.87553517, 59.31817785], [29.87560384, 59.31816997], [29.8756122, 59.31818943], [29.87554509, 59.31819714]]]}, "properties": {"kind": "plot", "numbers": [137], "area": 8.8}}, {"type": "Feature", "geometry": {"type": "Point", "coordinates": [29.87554723, 59.31814492]}, "properties": {"kind": "grave", "number": 138, "plot_area": 12.6, "in_plot": 1}}, {"type": "Feature", "geometry": {"type": "Polygon", "coordinates": [[[29.87552189, 59.31816373], [29.87550887, 59.31813342], [29.87557256, 59.3181261], [29.87558282, 59.31815687], [29.87552189, 59.31816373]]]}, "properties": {"kind": "plot", "numbers": [138], "area": 12.6}}, {"type": "Feature", "geometry": {"type": "Point", "coordinates": [29.8758051, 59.31800514]}, "properties": {"kind": "grave", "number": 201, "plot_area": 10.53, "in_plot": 1}}, {"type": "Feature", "geometry": {"type": "Polygon", "coordinates": [[[29.8757866, 59.31802326], [29.87577237, 59.31799278], [29.87582468, 59.31798691], [29.87583782, 59.31801751], [29.8757866, 59.31802326]]]}, "properties": {"kind": "plot", "numbers": [201], "area": 10.53}}, {"type": "Feature", "geometry": {"type": "Point", "coordinates": [29.87582954, 59.31805965]}, "properties": {"kind": "grave", "number": 194, "plot_area": 35.33, "in_plot": 4}}, {"type": "Feature", "geometry": {"type": "Point", "coordinates": [29.87580874, 59.31806148]}, "properties": {"kind": "grave", "number": 195, "plot_area": 35.33, "in_plot": 4}}, {"type": "Feature", "geometry": {"type": "Point", "coordinates": [29.87578795, 59.31806331]}, "properties": {"kind": "grave", "number": 196, "plot_area": 35.33, "in_plot": 4}}, {"type": "Feature", "geometry": {"type": "Point", "coordinates": [29.87576716, 59.31806514]}, "properties": {"kind": "grave", "number": 197, "plot_area": 35.33, "in_plot": 4}}, {"type": "Feature", "geometry": {"type": "Polygon", "coordinates": [[[29.87576804, 59.31809953], [29.87574636, 59.31803448], [29.87582865, 59.31802525], [29.87585062, 59.31809047], [29.87576804, 59.31809953]]]}, "properties": {"kind": "plot", "numbers": [194, 195, 196, 197], "area": 35.33}}, {"type": "Feature", "geometry": {"type": "Point", "coordinates": [29.87576168, 59.31814158]}, "properties": {"kind": "grave", "number": 187, "plot_area": 24.13, "in_plot": 2}}, {"type": "Feature", "geometry": {"type": "Point", "coordinates": [29.87575278, 59.31812083]}, "properties": {"kind": "grave", "number": 188, "plot_area": 24.13, "in_plot": 2}}, {"type": "Feature", "geometry": {"type": "Polygon", "coordinates": [[[29.87572165, 59.31815693], [29.87570472, 59.31811535], [29.87579281, 59.31810548], [29.87580849, 59.3181472], [29.87572165, 59.31815693]]]}, "properties": {"kind": "plot", "numbers": [187, 188], "area": 24.13}}, {"type": "Feature", "geometry": {"type": "Point", "coordinates": [29.87568276, 59.31814163]}, "properties": {"kind": "grave", "number": 186, "plot_area": 1.5, "in_plot": 1}}, {"type": "Feature", "geometry": {"type": "Polygon", "coordinates": [[[29.87566885, 59.31814678], [29.8756659, 59.31813946], [29.87569666, 59.3181363], [29.87569945, 59.31814382], [29.87566885, 59.31814678]]]}, "properties": {"kind": "plot", "numbers": [186], "area": 1.5}}, {"type": "Feature", "geometry": {"type": "Point", "coordinates": [29.87567603, 59.31812332]}, "properties": {"kind": "grave", "number": 189, "plot_area": 4.0, "in_plot": 1}}, {"type": "Feature", "geometry": {"type": "Polygon", "coordinates": [[[29.87566218, 59.31813366], [29.87565395, 59.31811701], [29.87568981, 59.31811299], [29.87569812, 59.31812963], [29.87566218, 59.31813366]]]}, "properties": {"kind": "plot", "numbers": [189], "area": 4.0}}, {"type": "Feature", "geometry": {"type": "Point", "coordinates": [29.87579209, 59.31795209]}, "properties": {"kind": "grave", "number": 207, "plot_area": 27.09, "in_plot": 1}}, {"type": "Feature", "geometry": {"type": "Polygon", "coordinates": [[[29.87577233, 59.31798679], [29.87574647, 59.31792473], [29.87581184, 59.3179174], [29.87583844, 59.31797937], [29.87577233, 59.31798679]]]}, "properties": {"kind": "plot", "numbers": [207], "area": 27.09}}, {"type": "Feature", "geometry": {"type": "Point", "coordinates": [29.87561768, 59.31788455]}, "properties": {"kind": "grave", "number": 218, "plot_area": 15.6, "in_plot": 2}}, {"type": "Feature", "geometry": {"type": "Point", "coordinates": [29.87559133, 59.31788741]}, "properties": {"kind": "grave", "number": 219, "plot_area": 15.6, "in_plot": 2}}, {"type": "Feature", "geometry": {"type": "Polygon", "coordinates": [[[29.87558911, 59.31791138], [29.87556871, 59.31786612], [29.87562154, 59.31786068], [29.87564029, 59.31790584], [29.87558911, 59.31791138]]]}, "properties": {"kind": "plot", "numbers": [218, 219], "area": 15.6}}, {"type": "Feature", "geometry": {"type": "Point", "coordinates": [29.87556298, 59.31792897]}, "properties": {"kind": "grave", "number": 211, "plot_area": 6.82, "in_plot": 1}}, {"type": "Feature", "geometry": {"type": "Polygon", "coordinates": [[[29.87554726, 59.31794337], [29.87553643, 59.31791923], [29.87557901, 59.31791452], [29.87558953, 59.31793872], [29.87554726, 59.31794337]]]}, "properties": {"kind": "plot", "numbers": [211], "area": 6.82}}, {"type": "Feature", "geometry": {"type": "Point", "coordinates": [29.87556647, 59.3179595]}, "properties": {"kind": "grave", "number": 208, "plot_area": 9.98, "in_plot": 1}}, {"type": "Feature", "geometry": {"type": "Polygon", "coordinates": [[[29.87554598, 59.31797638], [29.87553334, 59.31794863], [29.87558764, 59.31794253], [29.87559958, 59.31797036], [29.87554598, 59.31797638]]]}, "properties": {"kind": "plot", "numbers": [208], "area": 9.98}}, {"type": "Feature", "geometry": {"type": "Point", "coordinates": [29.87561543, 59.31798205]}, "properties": {"kind": "grave", "number": 203, "plot_area": 17.08, "in_plot": 2}}, {"type": "Feature", "geometry": {"type": "Point", "coordinates": [29.87562152, 59.31799625]}, "properties": {"kind": "grave", "number": 204, "plot_area": 17.08, "in_plot": 2}}, {"type": "Feature", "geometry": {"type": "Polygon", "coordinates": [[[29.87557915, 59.31800845], [29.87556772, 59.31797996], [29.8756578, 59.31796986], [29.87566988, 59.31799827], [29.87557915, 59.31800845]]]}, "properties": {"kind": "plot", "numbers": [203, 204], "area": 17.08}}, {"type": "Feature", "geometry": {"type": "Point", "coordinates": [29.87563229, 59.31809443]}, "properties": {"kind": "grave", "number": 190, "plot_area": 16.74, "in_plot": 3}}, {"type": "Feature", "geometry": {"type": "Point", "coordinates": [29.87565076, 59.31809238]}, "properties": {"kind": "grave", "number": 191, "plot_area": 16.74, "in_plot": 3}}, {"type": "Feature", "geometry": {"type": "Point", "coordinates": [29.87566924, 59.31809033]}, "properties": {"kind": "grave", "number": 192, "plot_area": 16.74, "in_plot": 3}}, {"type": "Feature", "geometry": {"type": "Polygon", "coordinates": [[[29.87563297, 59.31811882], [29.87561316, 59.31807215], [29.87566855, 59.31806594], [29.87568555, 59.31811292], [29.87563297, 59.31811882]]]}, "properties": {"kind": "plot", "numbers": [190, 191, 192], "area": 16.74}}, {"type": "Feature", "geometry": {"type": "Point", "coordinates": [29.87572318, 59.31808228]}, "properties": {"kind": "grave", "number": 193, "plot_area": 16.6, "in_plot": 1}}, {"type": "Feature", "geometry": {"type": "Polygon", "coordinates": [[[29.87570118, 59.31810722], [29.87568585, 59.31806427], [29.87574517, 59.31805735], [29.87575859, 59.31810079], [29.87570118, 59.31810722]]]}, "properties": {"kind": "plot", "numbers": [193], "area": 16.6}}, {"type": "Feature", "geometry": {"type": "Point", "coordinates": [29.87563049, 59.31803971]}, "properties": {"kind": "grave", "number": 198, "plot_area": 16.69, "in_plot": 1}}, {"type": "Feature", "geometry": {"type": "Polygon", "coordinates": [[[29.87560938, 59.31806488], [29.87559296, 59.31802111], [29.8756516, 59.31801454], [29.8756661, 59.31805851], [29.87560938, 59.31806488]]]}, "properties": {"kind": "plot", "numbers": [198], "area": 16.69}}, {"type": "Feature", "geometry": {"type": "Point", "coordinates": [29.87568713, 59.31803043]}, "properties": {"kind": "grave", "number": 199, "plot_area": 22.94, "in_plot": 2}}, {"type": "Feature", "geometry": {"type": "Point", "coordinates": [29.87571963, 59.31802703]}, "properties": {"kind": "grave", "number": 200, "plot_area": 22.94, "in_plot": 2}}, {"type": "Feature", "geometry": {"type": "Polygon", "coordinates": [[[29.87568179, 59.31805936], [29.87566016, 59.31800536], [29.87572496, 59.3179981], [29.8757451, 59.31805234], [29.87568179, 59.31805936]]]}, "properties": {"kind": "plot", "numbers": [199, 200], "area": 22.94}}, {"type": "Feature", "geometry": {"type": "Point", "coordinates": [29.87559685, 59.31729884]}, "properties": {"kind": "grave", "number": 277, "plot_area": 19.17, "in_plot": 1}}, {"type": "Feature", "geometry": {"type": "Polygon", "coordinates": [[[29.87557749, 59.31732603], [29.87556041, 59.31727464], [29.87561856, 59.31727039], [29.87563329, 59.31732304], [29.87557749, 59.31732603]]]}, "properties": {"kind": "plot", "numbers": [277], "area": 19.17}}, {"type": "Feature", "geometry": {"type": "Point", "coordinates": [29.87575165, 59.3172903]}, "properties": {"kind": "grave", "number": 372, "plot_area": 15.78, "in_plot": 1}}, {"type": "Feature", "geometry": {"type": "Polygon", "coordinates": [[[29.8757239, 59.31730937], [29.87571271, 59.31727394], [29.8757808, 59.31726927], [29.87579026, 59.31730668], [29.8757239, 59.31730937]]]}, "properties": {"kind": "plot", "numbers": [372], "area": 15.78}}, {"type": "Feature", "geometry": {"type": "Point", "coordinates": [29.87584076, 59.31729162]}, "properties": {"kind": "grave", "number": 373, "plot_area": 32.71, "in_plot": 1}}, {"type": "Feature", "geometry": {"type": "Polygon", "coordinates": [[[29.87580007, 59.31732111], [29.87579019, 59.31726606], [29.87588302, 59.31726171], [29.87589144, 59.31731788], [29.87580007, 59.31732111]]]}, "properties": {"kind": "plot", "numbers": [373], "area": 32.71}}, {"type": "Feature", "geometry": {"type": "Point", "coordinates": [29.87554887, 59.31740115]}, "properties": {"kind": "grave", "number": 268, "plot_area": 11.94, "in_plot": 1}}, {"type": "Feature", "geometry": {"type": "Polygon", "coordinates": [[[29.875533, 59.3174219], [29.87551983, 59.31738217], [29.87556754, 59.31737968], [29.87557791, 59.31742013], [29.875533, 59.3174219]]]}, "properties": {"kind": "plot", "numbers": [268], "area": 11.94}}, {"type": "Feature", "geometry": {"type": "Point", "coordinates": [29.87553559, 59.31745124]}, "properties": {"kind": "grave", "number": 263, "plot_area": 24.94, "in_plot": 3}}, {"type": "Feature", "geometry": {"type": "Point", "coordinates": [29.87555926, 59.31745001]}, "properties": {"kind": "grave", "number": 264, "plot_area": 24.94, "in_plot": 3}}, {"type": "Feature", "geometry": {"type": "Point", "coordinates": [29.87558294, 59.31744879]}, "properties": {"kind": "grave", "number": 265, "plot_area": 24.94, "in_plot": 3}}, {"type": "Feature", "geometry": {"type": "Polygon", "coordinates": [[[29.87552925, 59.31747957], [29.87551823, 59.31742404], [29.87558839, 59.3174212], [29.87560029, 59.31747599], [29.87552925, 59.31747957]]]}, "properties": {"kind": "plot", "numbers": [263, 264, 265], "area": 24.94}}, {"type": "Feature", "geometry": {"type": "Point", "coordinates": [29.87557484, 59.31749885]}, "properties": {"kind": "grave", "number": 260, "plot_area": 16.89, "in_plot": 1}}, {"type": "Feature", "geometry": {"type": "Polygon", "coordinates": [[[29.87554274, 59.31751843], [29.87553227, 59.31748289], [29.87561077, 59.31747907], [29.87561551, 59.31751296], [29.87554274, 59.31751843]]]}, "properties": {"kind": "plot", "numbers": [260], "area": 16.89}}, {"type": "Feature", "geometry": {"type": "Point", "coordinates": [29.87558256, 59.31754364]}, "properties": {"kind": "grave", "number": 257, "plot_area": 24.48, "in_plot": 1}}, {"type": "Feature", "geometry": {"type": "Polygon", "coordinates": [[[29.87553527, 59.31752196], [29.87555934, 59.31757322], [29.87562986, 59.31756532], [29.87560777, 59.31751383], [29.87553527, 59.31752196]]]}, "properties": {"kind": "plot", "numbers": [257], "area": 24.48}}, {"type": "Feature", "geometry": {"type": "Point", "coordinates": [29.8754377, 59.317403]}, "properties": {"kind": "grave", "number": 267, "plot_area": 21.58, "in_plot": 1}}, {"type": "Feature", "geometry": {"type": "Polygon", "coordinates": [[[29.87541013, 59.31742751], [29.87539345, 59.31738224], [29.87546781, 59.31737771], [29.87548196, 59.31742376], [29.87541013, 59.31742751]]]}, "properties": {"kind": "plot", "numbers": [267], "area": 21.58}}, {"type": "Feature", "geometry": {"type": "Point", "coordinates": [29.87554276, 59.31735547]}, "properties": {"kind": "grave", "number": 274, "plot_area": 14.89, "in_plot": 1}}, {"type": "Feature", "geometry": {"type": "Polygon", "coordinates": [[[29.87552087, 59.31737723], [29.87550906, 59.31733677], [29.87556525, 59.31733248], [29.87557655, 59.31737451], [29.87552087, 59.31737723]]]}, "properties": {"kind": "plot", "numbers": [274], "area": 14.89}}, {"type": "Feature", "geometry": {"type": "Point", "coordinates": [29.87555104, 59.31730969]}, "properties": {"kind": "grave", "number": 276, "plot_area": 11.07, "in_plot": 2}}, {"type": "Feature", "geometry": {"type": "Point", "coordinates": [29.87552259, 59.31731192]}, "properties": {"kind": "grave", "number": 275, "plot_area": 11.07, "in_plot": 2}}, {"type": "Feature", "geometry": {"type": "Polygon", "coordinates": [[[29.87551557, 59.31732798], [29.87550368, 59.31729741], [29.87556077, 59.31729358], [29.87556996, 59.31732419], [29.87551557, 59.31732798]]]}, "properties": {"kind": "plot", "numbers": [276, 275], "area": 11.07}}, {"type": "Feature", "geometry": {"type": "Point", "coordinates": [29.87559437, 59.31737745]}, "properties": {"kind": "grave", "number": 269, "plot_area": 34.71, "in_plot": 3}}, {"type": "Feature", "geometry": {"type": "Point", "coordinates": [29.87561729, 59.31737609]}, "properties": {"kind": "grave", "number": 270, "plot_area": 34.71, "in_plot": 3}}, {"type": "Feature", "geometry": {"type": "Point", "coordinates": [29.87564021, 59.31737474]}, "properties": {"kind": "grave", "number": 271, "plot_area": 34.71, "in_plot": 3}}, {"type": "Feature", "geometry": {"type": "Polygon", "coordinates": [[[29.87559187, 59.31741776], [29.87557387, 59.31733816], [29.87564047, 59.31733422], [29.87566071, 59.31741403], [29.87559187, 59.31741776]]]}, "properties": {"kind": "plot", "numbers": [269, 270, 271], "area": 34.71}}, {"type": "Feature", "geometry": {"type": "Point", "coordinates": [29.87563784, 59.31744778]}, "properties": {"kind": "grave", "number": 266, "plot_area": 20.37, "in_plot": 1}}, {"type": "Feature", "geometry": {"type": "Polygon", "coordinates": [[[29.875609, 59.31747282], [29.87559976, 59.31742548], [29.87566631, 59.31742208], [29.87567592, 59.31747009], [29.875609, 59.31747282]]]}, "properties": {"kind": "plot", "numbers": [266], "area": 20.37}}, {"type": "Feature", "geometry": {"type": "Point", "coordinates": [29.87565014, 59.31749263]}, "properties": {"kind": "grave", "number": 261, "plot_area": 14.13, "in_plot": 1}}, {"type": "Feature", "geometry": {"type": "Polygon", "coordinates": [[[29.87561648, 59.3175096], [29.87561077, 59.31747907], [29.8756838, 59.31747552], [29.87568771, 59.31750628], [29.87561648, 59.3175096]]]}, "properties": {"kind": "plot", "numbers": [261], "area": 14.13}}, {"type": "Feature", "geometry": {"type": "Point", "coordinates": [29.87565816, 59.31753847]}, "properties": {"kind": "grave", "number": 258, "plot_area": 20.86, "in_plot": 1}}, {"type": "Feature", "geometry": {"type": "Polygon", "coordinates": [[[29.87563712, 59.31756764], [29.87561592, 59.31751596], [29.87567954, 59.31750926], [29.8756958, 59.31756106], [29.87563712, 59.31756764]]]}, "properties": {"kind": "plot", "numbers": [258], "area": 20.86}}, {"type": "Feature", "geometry": {"type": "Point", "coordinates": [29.87566776, 59.31758782]}, "properties": {"kind": "grave", "number": 255, "plot_area": 11.78, "in_plot": 1}}, {"type": "Feature", "geometry": {"type": "Polygon", "coordinates": [[[29.87564495, 59.31760619], [29.87563125, 59.31757612], [29.87569166, 59.31757017], [29.87570392, 59.31759957], [29.87564495, 59.31760619]]]}, "properties": {"kind": "plot", "numbers": [255], "area": 11.78}}, {"type": "Feature", "geometry": {"type": "Point", "coordinates": [29.87560493, 59.31764998]}, "properties": {"kind": "grave", "number": 247, "plot_area": 22.66, "in_plot": 1}}, {"type": "Feature", "geometry": {"type": "Polygon", "coordinates": [[[29.87558318, 59.31767878], [29.87555906, 59.31762876], [29.87562694, 59.31762115], [29.87565079, 59.3176712], [29.87558318, 59.31767878]]]}, "properties": {"kind": "plot", "numbers": [247], "area": 22.66}}, {"type": "Feature", "geometry": {"type": "Point", "coordinates": [29.8755901, 59.31758765]}, "properties": {"kind": "grave", "number": 253, "plot_area": 17.04, "in_plot": 2}}, {"type": "Feature", "geometry": {"type": "Point", "coordinates": [29.87559663, 59.31760515]}, "properties": {"kind": "grave", "number": 254, "plot_area": 17.04, "in_plot": 2}}, {"type": "Feature", "geometry": {"type": "Polygon", "coordinates": [[[29.87556408, 59.3176174], [29.87554835, 59.31758265], [29.87562531, 59.31757514], [29.87563697, 59.31760923], [29.87556408, 59.3176174]]]}, "properties": {"kind": "plot", "numbers": [253, 254], "area": 17.04}}, {"type": "Feature", "geometry": {"type": "Point", "coordinates": [29.87566204, 59.31764476]}, "properties": {"kind": "grave", "number": 250, "plot_area": 25.1, "in_plot": 3}}, {"type": "Feature", "geometry": {"type": "Point", "coordinates": [29.87568334, 59.31764262]}, "properties": {"kind": "grave", "number": 249, "plot_area": 25.1, "in_plot": 3}}, {"type": "Feature", "geometry": {"type": "Point", "coordinates": [29.87570463, 59.31764048]}, "properties": {"kind": "grave", "number": 248, "plot_area": 25.1, "in_plot": 3}}, {"type": "Feature", "geometry": {"type": "Polygon", "coordinates": [[[29.87566321, 59.31767651], [29.87563985, 59.31761586], [29.87570346, 59.31760872], [29.87572467, 59.31766962], [29.87566321, 59.31767651]]]}, "properties": {"kind": "plot", "numbers": [250, 249, 248], "area": 25.1}}, {"type": "Feature", "geometry": {"type": "Point", "coordinates": [29.87569316, 59.31797105]}, "properties": {"kind": "grave", "number": 202, "plot_area": 13.99, "in_plot": 3}}, {"type": "Feature", "geometry": {"type": "Point", "coordinates": [29.87571399, 59.31796907]}, "properties": {"kind": "grave", "number": 205, "plot_area": 13.99, "in_plot": 3}}, {"type": "Feature", "geometry": {"type": "Point", "coordinates": [29.87573483, 59.31796708]}, "properties": {"kind": "grave", "number": 206, "plot_area": 13.99, "in_plot": 3}}, {"type": "Feature", "geometry": {"type": "Polygon", "coordinates": [[[29.87568961, 59.31798967], [29.87567631, 59.31795437], [29.87573881, 59.31794842], [29.87574931, 59.31798284], [29.87568961, 59.31798967]]]}, "properties": {"kind": "plot", "numbers": [202, 205, 206], "area": 13.99}}, {"type": "Feature", "geometry": {"type": "Point", "coordinates": [29.87562018, 59.31791732]}, "properties": {"kind": "grave", "number": 212, "plot_area": 8.45, "in_plot": 2}}, {"type": "Feature", "geometry": {"type": "Point", "coordinates": [29.8756251, 59.31792983]}, "properties": {"kind": "grave", "number": 213, "plot_area": 8.45, "in_plot": 2}}, {"type": "Feature", "geometry": {"type": "Polygon", "coordinates": [[[29.87560186, 59.31793873], [29.87559174, 59.31791374], [29.87564369, 59.3179084], [29.87565251, 59.31793337], [29.87560186, 59.31793873]]]}, "properties": {"kind": "plot", "numbers": [212, 213], "area": 8.45}}, {"type": "Feature", "geometry": {"type": "Point", "coordinates": [29.87577968, 59.31791184]}, "properties": {"kind": "grave", "number": 215, "plot_area": 8.28, "in_plot": 3}}, {"type": "Feature", "geometry": {"type": "Point", "coordinates": [29.87577694, 59.31790547]}, "properties": {"kind": "grave", "number": 216, "plot_area": 8.28, "in_plot": 3}}, {"type": "Feature", "geometry": {"type": "Point", "coordinates": [29.87577421, 59.31789909]}, "properties": {"kind": "grave", "number": 217, "plot_area": 8.28, "in_plot": 3}}, {"type": "Feature", "geometry": {"type": "Polygon", "coordinates": [[[29.87574826, 59.3179187], [29.87574104, 59.31789947], [29.87580561, 59.31789223], [29.87581383, 59.31791135], [29.87574826, 59.3179187]]]}, "properties": {"kind": "plot", "numbers": [215, 216, 217], "area": 8.28}}, {"type": "Feature", "geometry": {"type": "Point", "coordinates": [29.87568794, 59.31793416]}, "properties": {"kind": "grave", "number": 209, "plot_area": 13.05, "in_plot": 2}}, {"type": "Feature", "geometry": {"type": "Point", "coordinates": [29.87571844, 59.3179319]}, "properties": {"kind": "grave", "number": 210, "plot_area": 13.05, "in_plot": 2}}, {"type": "Feature", "geometry": {"type": "Polygon", "coordinates": [[[29.87567761, 59.31795263], [29.87566835, 59.31791998], [29.87572878, 59.31791343], [29.87573815, 59.31794689], [29.87567761, 59.31795263]]]}, "properties": {"kind": "plot", "numbers": [209, 210], "area": 13.05}}, {"type": "Feature", "geometry": {"type": "Point", "coordinates": [29.875692, 59.31789457]}, "properties": {"kind": "grave", "number": 214, "plot_area": 17.88, "in_plot": 1}}, {"type": "Feature", "geometry": {"type": "Polygon", "coordinates": [[[29.87566645, 59.31791842], [29.8756501, 59.3178776], [29.87571794, 59.31787068], [29.87573148, 59.31791164], [29.87566645, 59.31791842]]]}, "properties": {"kind": "plot", "numbers": [214], "area": 17.88}}, {"type": "Feature", "geometry": {"type": "Point", "coordinates": [29.87578305, 59.31788778]}, "properties": {"kind": "grave", "number": null, "plot_area": 1.33, "in_plot": 1}}, {"type": "Feature", "geometry": {"type": "Polygon", "coordinates": [[[29.87576516, 59.31789254], [29.87576293, 59.31788728], [29.87580093, 59.31788301], [29.87580293, 59.31788831], [29.87576516, 59.31789254]]]}, "properties": {"kind": "plot", "numbers": [], "area": 1.33}}, {"type": "Feature", "geometry": {"type": "Point", "coordinates": [29.87575084, 59.31786651]}, "properties": {"kind": "grave", "number": 220, "plot_area": 11.93, "in_plot": 2}}, {"type": "Feature", "geometry": {"type": "Point", "coordinates": [29.87577734, 59.31786353]}, "properties": {"kind": "grave", "number": 221, "plot_area": 11.93, "in_plot": 2}}, {"type": "Feature", "geometry": {"type": "Polygon", "coordinates": [[[29.87574834, 59.31788522], [29.87573004, 59.31785041], [29.87578304, 59.31784446], [29.87579773, 59.31787932], [29.87574834, 59.31788522]]]}, "properties": {"kind": "plot", "numbers": [220, 221], "area": 11.93}}, {"type": "Feature", "geometry": {"type": "Point", "coordinates": [29.87568795, 59.3178591]}, "properties": {"kind": "grave", "number": 224, "plot_area": 2.18, "in_plot": 1}}, {"type": "Feature", "geometry": {"type": "Polygon", "coordinates": [[[29.875668, 59.31786531], [29.87566469, 59.31785773], [29.87570789, 59.31785289], [29.87571122, 59.31786046], [29.875668, 59.31786531]]]}, "properties": {"kind": "plot", "numbers": [224], "area": 2.18}}, {"type": "Feature", "geometry": {"type": "Point", "coordinates": [29.87574059, 59.31782268]}, "properties": {"kind": "grave", "number": 222, "plot_area": 11.12, "in_plot": 2}}, {"type": "Feature", "geometry": {"type": "Point", "coordinates": [29.87574556, 59.31783652]}, "properties": {"kind": "grave", "number": 223, "plot_area": 11.12, "in_plot": 2}}, {"type": "Feature", "geometry": {"type": "Polygon", "coordinates": [[[29.87571649, 59.3178464], [29.87570669, 59.3178187], [29.87576855, 59.3178129], [29.8757792, 59.31783937], [29.87571649, 59.3178464]]]}, "properties": {"kind": "plot", "numbers": [222, 223], "area": 11.12}}, {"type": "Feature", "geometry": {"type": "Point", "coordinates": [29.87567384, 59.31782702]}, "properties": {"kind": "grave", "number": 225, "plot_area": 11.56, "in_plot": 1}}, {"type": "Feature", "geometry": {"type": "Polygon", "coordinates": [[[29.87564714, 59.31784412], [29.87563559, 59.3178172], [29.87570054, 59.31780992], [29.87571135, 59.31783692], [29.87564714, 59.31784412]]]}, "properties": {"kind": "plot", "numbers": [225], "area": 11.56}}, {"type": "Feature", "geometry": {"type": "Point", "coordinates": [29.87559803, 59.31770304]}, "properties": {"kind": "grave", "number": 241, "plot_area": 19.23, "in_plot": 3}}, {"type": "Feature", "geometry": {"type": "Point", "coordinates": [29.8756213, 59.31770043]}, "properties": {"kind": "grave", "number": 242, "plot_area": 19.23, "in_plot": 3}}, {"type": "Feature", "geometry": {"type": "Point", "coordinates": [29.87564457, 59.31769782]}, "properties": {"kind": "grave", "number": 243, "plot_area": 19.23, "in_plot": 3}}, {"type": "Feature", "geometry": {"type": "Polygon", "coordinates": [[[29.87559899, 59.31772547], [29.87557717, 59.31768284], [29.87564698, 59.31767501], [29.87566367, 59.31771822], [29.87559899, 59.31772547]]]}, "properties": {"kind": "plot", "numbers": [241, 242, 243], "area": 19.23}}, {"type": "Feature", "geometry": {"type": "Point", "coordinates": [29.87568291, 59.31769855]}, "properties": {"kind": "grave", "number": 244, "plot_area": 14.66, "in_plot": 2}}, {"type": "Feature", "geometry": {"type": "Point", "coordinates": [29.87571417, 59.31769589]}, "properties": {"kind": "grave", "number": 245, "plot_area": 14.66, "in_plot": 2}}, {"type": "Feature", "geometry": {"type": "Polygon", "coordinates": [[[29.87567342, 59.31771869], [29.87566168, 59.31768269], [29.87572367, 59.31767574], [29.87573526, 59.31771175], [29.87567342, 59.31771869]]]}, "properties": {"kind": "plot", "numbers": [244, 245], "area": 14.66}}, {"type": "Feature", "geometry": {"type": "Point", "coordinates": [29.87565513, 59.31774791]}, "properties": {"kind": "grave", "number": 235, "plot_area": 13.88, "in_plot": 2}}, {"type": "Feature", "geometry": {"type": "Point", "coordinates": [29.87562665, 59.31775076]}, "properties": {"kind": "grave", "number": 236, "plot_area": 13.88, "in_plot": 2}}, {"type": "Feature", "geometry": {"type": "Polygon", "coordinates": [[[29.87561969, 59.31777116], [29.87560649, 59.31773375], [29.87566209, 59.31772751], [29.87567644, 59.3177649], [29.87561969, 59.31777116]]]}, "properties": {"kind": "plot", "numbers": [235, 236], "area": 13.88}}, {"type": "Feature", "geometry": {"type": "Point", "coordinates": [29.87569804, 59.31774559]}, "properties": {"kind": "grave", "number": 237, "plot_area": 17.97, "in_plot": 2}}, {"type": "Feature", "geometry": {"type": "Point", "coordinates": [29.87573279, 59.31774217]}, "properties": {"kind": "grave", "number": 238, "plot_area": 17.97, "in_plot": 2}}, {"type": "Feature", "geometry": {"type": "Polygon", "coordinates": [[[29.87568823, 59.31776741], [29.87567324, 59.3177276], [29.8757426, 59.31772035], [29.87575561, 59.31776048], [29.87568823, 59.31776741]]]}, "properties": {"kind": "plot", "numbers": [237, 238], "area": 17.97}}, {"type": "Feature", "geometry": {"type": "Point", "coordinates": [29.87574986, 59.31779091]}, "properties": {"kind": "grave", "number": 234, "plot_area": 18.04, "in_plot": 3}}, {"type": "Feature", "geometry": {"type": "Point", "coordinates": [29.87572922, 59.31779291]}, "properties": {"kind": "grave", "number": 231, "plot_area": 18.04, "in_plot": 3}}, {"type": "Feature", "geometry": {"type": "Point", "coordinates": [29.87570857, 59.31779491]}, "properties": {"kind": "grave", "number": 232, "plot_area": 18.04, "in_plot": 3}}, {"type": "Feature", "geometry": {"type": "Polygon", "coordinates": [[[29.87570669, 59.3178187], [29.87569145, 59.31777354], [29.87575175, 59.31776711], [29.87576828, 59.3178118], [29.87570669, 59.3178187]]]}, "properties": {"kind": "plot", "numbers": [234, 231, 232], "area": 18.04}}, {"type": "Feature", "geometry": {"type": "Point", "coordinates": [29.87566174, 59.31779418]}, "properties": {"kind": "grave", "number": 230, "plot_area": 14.23, "in_plot": 1}}, {"type": "Feature", "geometry": {"type": "Polygon", "coordinates": [[[29.87563498, 59.31781414], [29.87562109, 59.31778177], [29.87568849, 59.31777421], [29.87569979, 59.31780688], [29.87563498, 59.31781414]]]}, "properties": {"kind": "plot", "numbers": [230], "area": 14.23}}, {"type": "Feature", "geometry": {"type": "Point", "coordinates": [29.87573606, 59.31734281]}, "properties": {"kind": "grave", "number": 362, "plot_area": 23.05, "in_plot": 2}}, {"type": "Feature", "geometry": {"type": "Point", "coordinates": [29.87577232, 59.31734113]}, "properties": {"kind": "grave", "number": 363, "plot_area": 23.05, "in_plot": 2}}, {"type": "Feature", "geometry": {"type": "Polygon", "coordinates": [[[29.87572776, 59.31736914], [29.87571334, 59.31731778], [29.87578586, 59.31731442], [29.87579474, 59.31736617], [29.87572776, 59.31736914]]]}, "properties": {"kind": "plot", "numbers": [362, 363], "area": 23.05}}, {"type": "Feature", "geometry": {"type": "Point", "coordinates": [29.87594266, 59.31728879]}, "properties": {"kind": "grave", "number": 374, "plot_area": 17.02, "in_plot": 2}}, {"type": "Feature", "geometry": {"type": "Point", "coordinates": [29.8759166, 59.31728953]}, "properties": {"kind": "grave", "number": 375, "plot_area": 17.02, "in_plot": 2}}, {"type": "Feature", "geometry": {"type": "Polygon", "coordinates": [[[29.875909, 59.31731617], [29.87590076, 59.31726406], [29.87595281, 59.3172619], [29.87595858, 59.31731493], [29.875909, 59.31731617]]]}, "properties": {"kind": "plot", "numbers": [374, 375], "area": 17.02}}, {"type": "Feature", "geometry": {"type": "Point", "coordinates": [29.87575257, 59.3173887]}, "properties": {"kind": "grave", "number": 343, "plot_area": 13.94, "in_plot": 3}}, {"type": "Feature", "geometry": {"type": "Point", "coordinates": [29.87577338, 59.31738777]}, "properties": {"kind": "grave", "number": 344, "plot_area": 13.94, "in_plot": 3}}, {"type": "Feature", "geometry": {"type": "Point", "coordinates": [29.87579418, 59.31738685]}, "properties": {"kind": "grave", "number": 345, "plot_area": 13.94, "in_plot": 3}}, {"type": "Feature", "geometry": {"type": "Polygon", "coordinates": [[[29.87574844, 59.317407], [29.87573913, 59.31737117], [29.87580154, 59.31736841], [29.87580747, 59.31740429], [29.87574844, 59.317407]]]}, "properties": {"kind": "plot", "numbers": [343, 344, 345], "area": 13.94}}, {"type": "Feature", "geometry": {"type": "Point", "coordinates": [29.87580712, 59.31743659]}, "properties": {"kind": "grave", "number": 329, "plot_area": 21.76, "in_plot": 2}}, {"type": "Feature", "geometry": {"type": "Point", "coordinates": [29.87577499, 59.31743854]}, "properties": {"kind": "grave", "number": 330, "plot_area": 21.76, "in_plot": 2}}, {"type": "Feature", "geometry": {"type": "Polygon", "coordinates": [[[29.87576679, 59.3174656], [29.8757526, 59.3174123], [29.87581711, 59.31740945], [29.87582951, 59.31746282], [29.87576679, 59.3174656]]]}, "properties": {"kind": "plot", "numbers": [329, 330], "area": 21.76}}, {"type": "Feature", "geometry": {"type": "Point", "coordinates": [29.87586393, 59.31771012]}, "properties": {"kind": "grave", "number": 278, "plot_area": 13.87, "in_plot": 1}}, {"type": "Feature", "geometry": {"type": "Polygon", "coordinates": [[[29.87581574, 59.31772393], [29.87581125, 59.31770241], [29.87591213, 59.31769631], [29.87591547, 59.3177179], [29.87581574, 59.31772393]]]}, "properties": {"kind": "plot", "numbers": [278], "area": 13.87}}, {"type": "Feature", "geometry": {"type": "Point", "coordinates": [29.87583598, 59.31768296]}, "properties": {"kind": "grave", "number": 279, "plot_area": 11.73, "in_plot": 1}}, {"type": "Feature", "geometry": {"type": "Polygon", "coordinates": [[[29.875809, 59.31769983], [29.87580238, 59.31766915], [29.87586366, 59.31766606], [29.87586803, 59.31769625], [29.875809, 59.31769983]]]}, "properties": {"kind": "plot", "numbers": [279], "area": 11.73}}, {"type": "Feature", "geometry": {"type": "Point", "coordinates": [29.8758225, 59.31765376]}, "properties": {"kind": "grave", "number": 284, "plot_area": 6.39, "in_plot": 1}}, {"type": "Feature", "geometry": {"type": "Polygon", "coordinates": [[[29.87579735, 59.31766444], [29.87579298, 59.31764633], [29.87584759, 59.31764281], [29.87585136, 59.31766131], [29.87579735, 59.31766444]]]}, "properties": {"kind": "plot", "numbers": [284], "area": 6.39}}, {"type": "Feature", "geometry": {"type": "Point", "coordinates": [29.87581654, 59.31762419]}, "properties": {"kind": "grave", "number": 290, "plot_area": 13.09, "in_plot": 1}}, {"type": "Feature", "geometry": {"type": "Polygon", "coordinates": [[[29.87579567, 59.31764534], [29.87578549, 59.31760618], [29.87583843, 59.31760295], [29.87584639, 59.31764227], [29.87579567, 59.31764534]]]}, "properties": {"kind": "plot", "numbers": [290], "area": 13.09}}, {"type": "Feature", "geometry": {"type": "Point", "coordinates": [29.87580248, 59.31758411]}, "properties": {"kind": "grave", "number": 299, "plot_area": 12.54, "in_plot": 1}}, {"type": "Feature", "geometry": {"type": "Polygon", "coordinates": [[[29.87577989, 59.31760374], [29.87577089, 59.31756771], [29.87582583, 59.31756443], [29.87583312, 59.31760052], [29.87577989, 59.31760374]]]}, "properties": {"kind": "plot", "numbers": [299], "area": 12.54}}, {"type": "Feature", "geometry": {"type": "Point", "coordinates": [29.87579808, 59.31754012]}, "properties": {"kind": "grave", "number": 302, "plot_area": 14.77, "in_plot": 1}}, {"type": "Feature", "geometry": {"type": "Polygon", "coordinates": [[[29.87577445, 59.31756283], [29.87576533, 59.31752082], [29.87582171, 59.3175174], [29.87582742, 59.31755963], [29.87577445, 59.31756283]]]}, "properties": {"kind": "plot", "numbers": [302], "area": 14.77}}, {"type": "Feature", "geometry": {"type": "Point", "coordinates": [29.87576919, 59.31748868]}, "properties": {"kind": "grave", "number": 321, "plot_area": 14.42, "in_plot": 3}}, {"type": "Feature", "geometry": {"type": "Point", "coordinates": [29.8757896, 59.31748746]}, "properties": {"kind": "grave", "number": 322, "plot_area": 14.42, "in_plot": 3}}, {"type": "Feature", "geometry": {"type": "Point", "coordinates": [29.87581002, 59.31748624]}, "properties": {"kind": "grave", "number": 323, "plot_area": 14.42, "in_plot": 3}}, {"type": "Feature", "geometry": {"type": "Polygon", "coordinates": [[[29.87576329, 59.31750817], [29.87575466, 59.3174704], [29.87581614, 59.31746774], [29.87582238, 59.3175046], [29.87576329, 59.31750817]]]}, "properties": {"kind": "plot", "numbers": [321, 322, 323], "area": 14.42}}, {"type": "Feature", "geometry": {"type": "Point", "coordinates": [29.87589925, 59.31767779]}, "properties": {"kind": "grave", "number": 280, "plot_area": 4.13, "in_plot": 2}}, {"type": "Feature", "geometry": {"type": "Point", "coordinates": [29.87591653, 59.31767675]}, "properties": {"kind": "grave", "number": 288, "plot_area": 4.13, "in_plot": 2}}, {"type": "Feature", "geometry": {"type": "Polygon", "coordinates": [[[29.87589277, 59.31768765], [29.87588844, 59.31766898], [29.87592301, 59.31766688], [29.87592697, 59.31768558], [29.87589277, 59.31768765]]]}, "properties": {"kind": "plot", "numbers": [280, 288], "area": 4.13}}, {"type": "Feature", "geometry": {"type": "Point", "coordinates": [29.87600428, 59.31768155]}, "properties": {"kind": "grave", "number": 281, "plot_area": 6.74, "in_plot": 2}}, {"type": "Feature", "geometry": {"type": "Point", "coordinates": [29.87598204, 59.31768298]}, "properties": {"kind": "grave", "number": 282, "plot_area": 6.74, "in_plot": 2}}, {"type": "Feature", "geometry": {"type": "Polygon", "coordinates": [[[29.87597407, 59.31769564], [29.87596796, 59.31767175], [29.87601257, 59.31766941], [29.87601803, 59.3176928], [29.87597407, 59.31769564]]]}, "properties": {"kind": "plot", "numbers": [281, 282], "area": 6.74}}, {"type": "Feature", "geometry": {"type": "Point", "coordinates": [29.87606282, 59.31765772]}, "properties": {"kind": "grave", "number": 283, "plot_area": 9.53, "in_plot": 1}}, {"type": "Feature", "geometry": {"type": "Polygon", "coordinates": [[[29.87603894, 59.31767305], [29.87603266, 59.31764564], [29.87608669, 59.3176424], [29.87609301, 59.31766979], [29.87603894, 59.31767305]]]}, "properties": {"kind": "plot", "numbers": [283], "area": 9.53}}, {"type": "Feature", "geometry": {"type": "Point", "coordinates": [29.8759578, 59.31762223]}, "properties": {"kind": "grave", "number": 294, "plot_area": 7.44, "in_plot": 2}}, {"type": "Feature", "geometry": {"type": "Point", "coordinates": [29.87597993, 59.31762093]}, "properties": {"kind": "grave", "number": 295, "plot_area": 7.44, "in_plot": 2}}, {"type": "Feature", "geometry": {"type": "Polygon", "coordinates": [[[29.8759497, 59.31763603], [29.87594378, 59.31760981], [29.87598804, 59.31760714], [29.87599374, 59.31763336], [29.8759497, 59.31763603]]]}, "properties": {"kind": "plot", "numbers": [294, 295], "area": 7.44}}, {"type": "Feature", "geometry": {"type": "Point", "coordinates": [29.87585012, 59.3173457]}, "properties": {"kind": "grave", "number": 364, "plot_area": 15.79, "in_plot": 2}}, {"type": "Feature", "geometry": {"type": "Point", "coordinates": [29.87584774, 59.31733183]}, "properties": {"kind": "grave", "number": 365, "plot_area": 15.79, "in_plot": 2}}, {"type": "Feature", "geometry": {"type": "Polygon", "coordinates": [[[29.87580276, 59.31732701], [29.87580633, 59.3173546], [29.87589629, 59.31735062], [29.87589153, 59.31732287], [29.87580276, 59.31732701]]]}, "properties": {"kind": "plot", "numbers": [364, 365], "area": 15.79}}, {"type": "Feature", "geometry": {"type": "Point", "coordinates": [29.87593338, 59.31733023]}, "properties": {"kind": "grave", "number": 366, "plot_area": 5.87, "in_plot": 1}}, {"type": "Feature", "geometry": {"type": "Polygon", "coordinates": [[[29.87590945, 59.31734042], [29.8759068, 59.3173226], [29.87595728, 59.31731989], [29.8759605, 59.31733823], [29.87590945, 59.31734042]]]}, "properties": {"kind": "plot", "numbers": [366], "area": 5.87}}, {"type": "Feature", "geometry": {"type": "Point", "coordinates": [29.8760176, 59.31748601]}, "properties": {"kind": "grave", "number": 325, "plot_area": 9.68, "in_plot": 1}}, {"type": "Feature", "geometry": {"type": "Polygon", "coordinates": [[[29.8759909, 59.31750079], [29.87598777, 59.3174729], [29.87604431, 59.31747124], [29.87604553, 59.31749809], [29.8759909, 59.31750079]]]}, "properties": {"kind": "plot", "numbers": [325], "area": 9.68}}, {"type": "Feature", "geometry": {"type": "Point", "coordinates": [29.87609001, 59.31748444]}, "properties": {"kind": "grave", "number": 326, "plot_area": 17.28, "in_plot": 1}}, {"type": "Feature", "geometry": {"type": "Polygon", "coordinates": [[[29.8760571, 59.31750563], [29.8760534, 59.31746697], [29.87612292, 59.31746326], [29.87612774, 59.31750189], [29.8760571, 59.31750563]]]}, "properties": {"kind": "plot", "numbers": [326], "area": 17.28}}, {"type": "Feature", "geometry": {"type": "Point", "coordinates": [29.87615342, 59.31750186]}, "properties": {"kind": "grave", "number": 327, "plot_area": 14.79, "in_plot": 2}}, {"type": "Feature", "geometry": {"type": "Point", "coordinates": [29.87618007, 59.3175005]}, "properties": {"kind": "grave", "number": 328, "plot_area": 14.79, "in_plot": 2}}, {"type": "Feature", "geometry": {"type": "Polygon", "coordinates": [[[29.87614515, 59.3175247], [29.87613575, 59.31748036], [29.87618905, 59.31747763], [29.87619601, 59.31752194], [29.87614515, 59.3175247]]]}, "properties": {"kind": "plot", "numbers": [327, 328], "area": 14.79}}, {"type": "Feature", "geometry": {"type": "Point", "coordinates": [29.8761599, 59.31746386]}, "properties": {"kind": "grave", "number": 339, "plot_area": 9.41, "in_plot": 1}}, {"type": "Feature", "geometry": {"type": "Polygon", "coordinates": [[[29.87613565, 59.31747905], [29.87613085, 59.3174514], [29.87618334, 59.31744872], [29.87618924, 59.31747649], [29.87613565, 59.31747905]]]}, "properties": {"kind": "plot", "numbers": [339], "area": 9.41}}, {"type": "Feature", "geometry": {"type": "Point", "coordinates": [29.87616662, 59.31742592]}, "properties": {"kind": "grave", "number": 340, "plot_area": 13.76, "in_plot": 3}}, {"type": "Feature", "geometry": {"type": "Point", "coordinates": [29.87614622, 59.3174268]}, "properties": {"kind": "grave", "number": 341, "plot_area": 13.76, "in_plot": 3}}, {"type": "Feature", "geometry": {"type": "Point", "coordinates": [29.87612582, 59.31742768]}, "properties": {"kind": "grave", "number": 342, "plot_area": 13.76, "in_plot": 3}}, {"type": "Feature", "geometry": {"type": "Polygon", "coordinates": [[[29.87611858, 59.31744603], [29.87611457, 59.31741019], [29.87617371, 59.31740758], [29.87617978, 59.31744338], [29.87611858, 59.31744603]]]}, "properties": {"kind": "plot", "numbers": [340, 341, 342], "area": 13.76}}, {"type": "Feature", "geometry": {"type": "Point", "coordinates": [29.87612957, 59.31739512]}, "properties": {"kind": "grave", "number": 352, "plot_area": 2.8, "in_plot": 1}}, {"type": "Feature", "geometry": {"type": "Polygon", "coordinates": [[[29.87610858, 59.31740112], [29.87610683, 59.31739104], [29.8761506, 59.31738911], [29.87615171, 59.31739922], [29.87610858, 59.31740112]]]}, "properties": {"kind": "plot", "numbers": [352], "area": 2.8}}, {"type": "Feature", "geometry": {"type": "Point", "coordinates": [29.87611577, 59.31734511]}, "properties": {"kind": "grave", "number": 361, "plot_area": 2.26, "in_plot": 2}}, {"type": "Feature", "geometry": {"type": "Point", "coordinates": [29.87611654, 59.31734964]}, "properties": {"kind": "grave", "number": 359, "plot_area": 2.26, "in_plot": 2}}, {"type": "Feature", "geometry": {"type": "Polygon", "coordinates": [[[29.87613651, 59.31735104], [29.87613497, 59.31734197], [29.87609588, 59.31734381], [29.87609734, 59.31735278], [29.87613651, 59.31735104]]]}, "properties": {"kind": "plot", "numbers": [361, 359], "area": 2.26}}, {"type": "Feature", "geometry": {"type": "Point", "coordinates": [29.8758712, 59.31744752]}, "properties": {"kind": "grave", "number": 331, "plot_area": 9.95, "in_plot": 2}}, {"type": "Feature", "geometry": {"type": "Point", "coordinates": [29.87586895, 59.31743426]}, "properties": {"kind": "grave", "number": 332, "plot_area": 9.95, "in_plot": 2}}, {"type": "Feature", "geometry": {"type": "Polygon", "coordinates": [[[29.875838, 59.31742895], [29.87584441, 59.31745538], [29.87590214, 59.31745283], [29.87589766, 59.31742631], [29.875838, 59.31742895]]]}, "properties": {"kind": "plot", "numbers": [331, 332], "area": 9.95}}, {"type": "Feature", "geometry": {"type": "Point", "coordinates": [29.87586823, 59.31747279]}, "properties": {"kind": "grave", "number": 324, "plot_area": 10.12, "in_plot": 1}}, {"type": "Feature", "geometry": {"type": "Polygon", "coordinates": [[[29.87584384, 59.31748787], [29.87583611, 59.3174606], [29.875895, 59.31745759], [29.87590032, 59.31748492], [29.87584384, 59.31748787]]]}, "properties": {"kind": "plot", "numbers": [324], "area": 10.12}}, {"type": "Feature", "geometry": {"type": "Point", "coordinates": [29.87584986, 59.31753276]}, "properties": {"kind": "grave", "number": 303, "plot_area": 24.27, "in_plot": 4}}, {"type": "Feature", "geometry": {"type": "Point", "coordinates": [29.87586798, 59.31753182]}, "properties": {"kind": "grave", "number": 304, "plot_area": 24.27, "in_plot": 4}}, {"type": "Feature", "geometry": {"type": "Point", "coordinates": [29.8758861, 59.31753089]}, "properties": {"kind": "grave", "number": 305, "plot_area": 24.27, "in_plot": 4}}, {"type": "Feature", "geometry": {"type": "Point", "coordinates": [29.87590422, 59.31752996]}, "properties": {"kind": "grave", "number": 306, "plot_area": 24.27, "in_plot": 4}}, {"type": "Feature", "geometry": {"type": "Polygon", "coordinates": [[[29.87584601, 59.31755968], [29.8758357, 59.31750741], [29.87590806, 59.31750303], [29.8759183, 59.31755531], [29.87584601, 59.31755968]]]}, "properties": {"kind": "plot", "numbers": [303, 304, 305, 306], "area": 24.27}}, {"type": "Feature", "geometry": {"type": "Point", "coordinates": [29.87598411, 59.31765862]}, "properties": {"kind": "grave", "number": 289, "plot_area": 4.22, "in_plot": 2}}, {"type": "Feature", "geometry": {"type": "Point", "coordinates": [29.87598259, 59.31765202]}, "properties": {"kind": "grave", "number": 285, "plot_area": 4.22, "in_plot": 2}}, {"type": "Feature", "geometry": {"type": "Polygon", "coordinates": [[[29.87595999, 59.31766342], [29.87595694, 59.31765022], [29.8760067, 59.31764721], [29.87600977, 59.31766041], [29.87595999, 59.31766342]]]}, "properties": {"kind": "plot", "numbers": [289, 285], "area": 4.22}}, {"type": "Feature", "geometry": {"type": "Point", "coordinates": [29.87613057, 59.31761815]}, "properties": {"kind": "grave", "number": null, "plot_area": 2.43, "in_plot": 1}}, {"type": "Feature", "geometry": {"type": "Polygon", "coordinates": [[[29.87610853, 59.3176233], [29.87610712, 59.31761495], [29.87615248, 59.31761296], [29.87615401, 59.31762135], [29.87610853, 59.3176233]]]}, "properties": {"kind": "plot", "numbers": [], "area": 2.43}}, {"type": "Feature", "geometry": {"type": "Point", "coordinates": [29.87597345, 59.31727583]}, "properties": {"kind": "grave", "number": 376, "plot_area": 22.86, "in_plot": 3}}, {"type": "Feature", "geometry": {"type": "Point", "coordinates": [29.87599286, 59.31727507]}, "properties": {"kind": "grave", "number": 378, "plot_area": 22.86, "in_plot": 3}}, {"type": "Feature", "geometry": {"type": "Point", "coordinates": [29.87601226, 59.3172743]}, "properties": {"kind": "grave", "number": 377, "plot_area": 22.86, "in_plot": 3}}, {"type": "Feature", "geometry": {"type": "Polygon", "coordinates": [[[29.87596843, 59.31730728], [29.87595906, 59.31724515], [29.87601731, 59.31724304], [29.87602585, 59.31730483], [29.87596843, 59.31730728]]]}, "properties": {"kind": "plot", "numbers": [376, 378, 377], "area": 22.86}}, {"type": "Feature", "geometry": {"type": "Point", "coordinates": [29.87604603, 59.31732251]}, "properties": {"kind": "grave", "number": 368, "plot_area": 15.31, "in_plot": 3}}, {"type": "Feature", "geometry": {"type": "Point", "coordinates": [29.87606763, 59.31732156]}, "properties": {"kind": "grave", "number": 369, "plot_area": 15.31, "in_plot": 3}}, {"type": "Feature", "geometry": {"type": "Point", "coordinates": [29.87608923, 59.31732062]}, "properties": {"kind": "grave", "number": 370, "plot_area": 15.31, "in_plot": 3}}, {"type": "Feature", "geometry": {"type": "Polygon", "coordinates": [[[29.87610242, 59.31733921], [29.8760971, 59.31730264], [29.87603204, 59.31730395], [29.87603878, 59.317342], [29.87610242, 59.31733921]]]}, "properties": {"kind": "plot", "numbers": [368, 369, 370], "area": 15.31}}, {"type": "Feature", "geometry": {"type": "Point", "coordinates": [29.87612943, 59.31731397]}, "properties": {"kind": "grave", "number": 371, "plot_area": 11.38, "in_plot": 1}}, {"type": "Feature", "geometry": {"type": "Polygon", "coordinates": [[[29.8761044, 59.31733178], [29.87610047, 59.31729795], [29.87615446, 59.31729615], [29.87615684, 59.31732947], [29.8761044, 59.31733178]]]}, "properties": {"kind": "plot", "numbers": [371], "area": 11.38}}, {"type": "Feature", "geometry": {"type": "Point", "coordinates": [29.8760782, 59.31728483]}, "properties": {"kind": "grave", "number": 379, "plot_area": 26.72, "in_plot": 2}}, {"type": "Feature", "geometry": {"type": "Point", "coordinates": [29.87607612, 59.31726338]}, "properties": {"kind": "grave", "number": 380, "plot_area": 26.72, "in_plot": 2}}, {"type": "Feature", "geometry": {"type": "Polygon", "coordinates": [[[29.87603091, 59.31729679], [29.87602487, 59.31725393], [29.8761228, 59.3172517], [29.87612945, 59.31729429], [29.87603091, 59.31729679]]]}, "properties": {"kind": "plot", "numbers": [379, 380], "area": 26.72}}, {"type": "Feature", "geometry": {"type": "Point", "coordinates": [29.87605763, 59.31723263]}, "properties": {"kind": "grave", "number": 381, "plot_area": 9.44, "in_plot": 2}}, {"type": "Feature", "geometry": {"type": "Point", "coordinates": [29.87605904, 59.31724494]}, "properties": {"kind": "grave", "number": 382, "plot_area": 9.44, "in_plot": 2}}, {"type": "Feature", "geometry": {"type": "Polygon", "coordinates": [[[29.87602896, 59.31725127], [29.87602624, 59.31722739], [29.87608713, 59.31722556], [29.87609044, 59.31725018], [29.87602896, 59.31725127]]]}, "properties": {"kind": "plot", "numbers": [381, 382], "area": 9.44}}, {"type": "Feature", "geometry": {"type": "Point", "coordinates": [29.87598965, 59.31735872]}, "properties": {"kind": "grave", "number": 358, "plot_area": 11.48, "in_plot": 2}}, {"type": "Feature", "geometry": {"type": "Point", "coordinates": [29.87601679, 59.31735773]}, "properties": {"kind": "grave", "number": 357, "plot_area": 11.48, "in_plot": 2}}, {"type": "Feature", "geometry": {"type": "Polygon", "coordinates": [[[29.87597845, 59.31737606], [29.87597375, 59.31734255], [29.87602799, 59.31734039], [29.87603188, 59.31737371], [29.87597845, 59.31737606]]]}, "properties": {"kind": "plot", "numbers": [358, 357], "area": 11.48}}, {"type": "Feature", "geometry": {"type": "Point", "coordinates": [29.87600049, 59.31732455]}, "properties": {"kind": "grave", "number": 367, "plot_area": 10.26, "in_plot": 1}}, {"type": "Feature", "geometry": {"type": "Polygon", "coordinates": [[[29.8759775, 59.31734158], [29.87597325, 59.3173097], [29.87602304, 59.31730753], [29.87602823, 59.31733962], [29.8759775, 59.31734158]]]}, "properties": {"kind": "plot", "numbers": [367], "area": 10.26}}, {"type": "Feature", "geometry": {"type": "Point", "coordinates": [29.87585005, 59.31736408]}, "properties": {"kind": "grave", "number": 354, "plot_area": 16.24, "in_plot": 3}}, {"type": "Feature", "geometry": {"type": "Point", "coordinates": [29.87585167, 59.31737363]}, "properties": {"kind": "grave", "number": 355, "plot_area": 16.24, "in_plot": 3}}, {"type": "Feature", "geometry": {"type": "Point", "coordinates": [29.87585329, 59.31738318]}, "properties": {"kind": "grave", "number": 356, "plot_area": 16.24, "in_plot": 3}}, {"type": "Feature", "geometry": {"type": "Polygon", "coordinates": [[[29.87581072, 59.31738987], [29.87580366, 59.31736133], [29.87589483, 59.31735729], [29.87589801, 59.31738564], [29.87581072, 59.31738987]]]}, "properties": {"kind": "plot", "numbers": [354, 355, 356], "area": 16.24}}, {"type": "Feature", "geometry": {"type": "Point", "coordinates": [29.87586535, 59.3174088]}, "properties": {"kind": "grave", "number": 346, "plot_area": 13.87, "in_plot": 1}}, {"type": "Feature", "geometry": {"type": "Polygon", "coordinates": [[[29.87582647, 59.31739534], [29.87583234, 59.31742532], [29.87590423, 59.31742226], [29.87589895, 59.31739213], [29.87582647, 59.31739534]]]}, "properties": {"kind": "plot", "numbers": [346], "area": 13.87}}, {"type": "Feature", "geometry": {"type": "Point", "coordinates": [29.87591596, 59.31740585]}, "properties": {"kind": "grave", "number": 347, "plot_area": 11.06, "in_plot": 3}}, {"type": "Feature", "geometry": {"type": "Point", "coordinates": [29.87593466, 59.31740511]}, "properties": {"kind": "grave", "number": 348, "plot_area": 11.06, "in_plot": 3}}, {"type": "Feature", "geometry": {"type": "Point", "coordinates": [29.87595336, 59.31740438]}, "properties": {"kind": "grave", "number": 353, "plot_area": 11.06, "in_plot": 3}}, {"type": "Feature", "geometry": {"type": "Polygon", "coordinates": [[[29.87590918, 59.31742192], [29.87590425, 59.3173905], [29.87596034, 59.31738829], [29.87596384, 59.3174195], [29.87590918, 59.31742192]]]}, "properties": {"kind": "plot", "numbers": [347, 348, 353], "area": 11.06}}, {"type": "Feature", "geometry": {"type": "Point", "coordinates": [29.87606274, 59.31735712]}, "properties": {"kind": "grave", "number": 360, "plot_area": 10.21, "in_plot": 1}}, {"type": "Feature", "geometry": {"type": "Polygon", "coordinates": [[[29.87603607, 59.31737217], [29.87603139, 59.31734464], [29.87608942, 59.31734206], [29.87609409, 59.3173696], [29.87603607, 59.31737217]]]}, "properties": {"kind": "plot", "numbers": [360], "area": 10.21}}, {"type": "Feature", "geometry": {"type": "Point", "coordinates": [29.87600251, 59.31739156]}, "properties": {"kind": "grave", "number": 349, "plot_area": 10.09, "in_plot": 1}}, {"type": "Feature", "geometry": {"type": "Polygon", "coordinates": [[[29.87597862, 59.31740735], [29.8759726, 59.31737784], [29.87602809, 59.31737571], [29.8760314, 59.31740454], [29.87597862, 59.31740735]]]}, "properties": {"kind": "plot", "numbers": [349], "area": 10.09}}, {"type": "Feature", "geometry": {"type": "Point", "coordinates": [29.87606101, 59.31738878]}, "properties": {"kind": "grave", "number": 350, "plot_area": 7.45, "in_plot": 2}}, {"type": "Feature", "geometry": {"type": "Point", "coordinates": [29.8760629, 59.31739861]}, "properties": {"kind": "grave", "number": 351, "plot_area": 7.45, "in_plot": 2}}, {"type": "Feature", "geometry": {"type": "Polygon", "coordinates": [[[29.87603357, 59.31740504], [29.87603056, 59.31738534], [29.87609033, 59.31738234], [29.87609283, 59.31740182], [29.87603357, 59.31740504]]]}, "properties": {"kind": "plot", "numbers": [350, 351], "area": 7.45}}, {"type": "Feature", "geometry": {"type": "Point", "coordinates": [29.87592437, 59.31744633]}, "properties": {"kind": "grave", "number": 333, "plot_area": 14.79, "in_plot": 2}}, {"type": "Feature", "geometry": {"type": "Point", "coordinates": [29.87595217, 59.31744536]}, "properties": {"kind": "grave", "number": 334, "plot_area": 14.79, "in_plot": 2}}, {"type": "Feature", "geometry": {"type": "Polygon", "coordinates": [[[29.87591333, 59.31746829], [29.87590766, 59.31742587], [29.8759632, 59.31742341], [29.87596703, 59.31746592], [29.87591333, 59.31746829]]]}, "properties": {"kind": "plot", "numbers": [333, 334], "area": 14.79}}, {"type": "Feature", "geometry": {"type": "Point", "coordinates": [29.87600139, 59.31745589]}, "properties": {"kind": "grave", "number": 335, "plot_area": 10.08, "in_plot": 2}}, {"type": "Feature", "geometry": {"type": "Point", "coordinates": [29.87602885, 59.31745474]}, "properties": {"kind": "grave", "number": 336, "plot_area": 10.08, "in_plot": 2}}, {"type": "Feature", "geometry": {"type": "Polygon", "coordinates": [[[29.87598986, 59.3174702], [29.87598535, 59.31744188], [29.87604025, 59.31743958], [29.87604491, 59.31746875], [29.87598986, 59.3174702]]]}, "properties": {"kind": "plot", "numbers": [335, 336], "area": 10.08}}, {"type": "Feature", "geometry": {"type": "Point", "coordinates": [29.87606322, 59.31743581]}, "properties": {"kind": "grave", "number": 337, "plot_area": 18.32, "in_plot": 2}}, {"type": "Feature", "geometry": {"type": "Point", "coordinates": [29.87609308, 59.31743472]}, "properties": {"kind": "grave", "number": 338, "plot_area": 18.32, "in_plot": 2}}, {"type": "Feature", "geometry": {"type": "Polygon", "coordinates": [[[29.87605173, 59.31746099], [29.87604491, 59.31741219], [29.87610458, 59.31740955], [29.87610962, 59.31745847], [29.87605173, 59.31746099]]]}, "properties": {"kind": "plot", "numbers": [337, 338], "area": 18.32}}, {"type": "Feature", "geometry": {"type": "Point", "coordinates": [29.87594344, 59.31750634]}, "properties": {"kind": "grave", "number": 318, "plot_area": 14.14, "in_plot": 1}}, {"type": "Feature", "geometry": {"type": "Polygon", "coordinates": [[[29.87592198, 59.31752821], [29.87591401, 59.31748579], [29.87596736, 59.31748417], [29.87597286, 59.31752689], [29.87592198, 59.31752821]]]}, "properties": {"kind": "plot", "numbers": [318], "area": 14.14}}, {"type": "Feature", "geometry": {"type": "Point", "coordinates": [29.87601277, 59.31752323]}, "properties": {"kind": "grave", "number": 319, "plot_area": 11.29, "in_plot": 2}}, {"type": "Feature", "geometry": {"type": "Point", "coordinates": [29.87603971, 59.31752162]}, "properties": {"kind": "grave", "number": 320, "plot_area": 11.29, "in_plot": 2}}, {"type": "Feature", "geometry": {"type": "Polygon", "coordinates": [[[29.87600306, 59.31754055], [29.8759954, 59.31750689], [29.87604927, 59.31750364], [29.8760525, 59.31753827], [29.87600306, 59.31754055]]]}, "properties": {"kind": "plot", "numbers": [319, 320], "area": 11.29}}, {"type": "Feature", "geometry": {"type": "Point", "coordinates": [29.87617483, 59.31755014]}, "properties": {"kind": "grave", "number": 312, "plot_area": 15.25, "in_plot": 1}}, {"type": "Feature", "geometry": {"type": "Polygon", "coordinates": [[[29.876153, 59.31757476], [29.8761452, 59.31752854], [29.87619665, 59.31752551], [29.87620459, 59.31757164], [29.876153, 59.31757476]]]}, "properties": {"kind": "plot", "numbers": [312], "area": 15.25}}, {"type": "Feature", "geometry": {"type": "Point", "coordinates": [29.8760665, 59.31753549]}, "properties": {"kind": "grave", "number": 313, "plot_area": 21.46, "in_plot": 5}}, {"type": "Feature", "geometry": {"type": "Point", "coordinates": [29.8760803, 59.31753492]}, "properties": {"kind": "grave", "number": 314, "plot_area": 21.46, "in_plot": 5}}, {"type": "Feature", "geometry": {"type": "Point", "coordinates": [29.87609409, 59.31753434]}, "properties": {"kind": "grave", "number": 315, "plot_area": 21.46, "in_plot": 5}}, {"type": "Feature", "geometry": {"type": "Point", "coordinates": [29.87610788, 59.31753377]}, "properties": {"kind": "grave", "number": 316, "plot_area": 21.46, "in_plot": 5}}, {"type": "Feature", "geometry": {"type": "Point", "coordinates": [29.87612167, 59.3175332]}, "properties": {"kind": "grave", "number": 317, "plot_area": 21.46, "in_plot": 5}}, {"type": "Feature", "geometry": {"type": "Polygon", "coordinates": [[[29.87606358, 59.31756077], [29.87605577, 59.31751157], [29.8761246, 59.31750791], [29.87613129, 59.31755701], [29.87606358, 59.31756077]]]}, "properties": {"kind": "plot", "numbers": [313, 314, 315, 316, 317], "area": 21.46}}, {"type": "Feature", "geometry": {"type": "Point", "coordinates": [29.87602082, 59.31761865]}, "properties": {"kind": "grave", "number": 298, "plot_area": 15.07, "in_plot": 3}}, {"type": "Feature", "geometry": {"type": "Point", "coordinates": [29.87604202, 59.31761736]}, "properties": {"kind": "grave", "number": 296, "plot_area": 15.07, "in_plot": 3}}, {"type": "Feature", "geometry": {"type": "Point", "coordinates": [29.87606323, 59.31761608]}, "properties": {"kind": "grave", "number": 297, "plot_area": 15.07, "in_plot": 3}}, {"type": "Feature", "geometry": {"type": "Polygon", "coordinates": [[[29.87601492, 59.31763802], [29.87600588, 59.31760053], [29.87606949, 59.31759668], [29.8760762, 59.31763432], [29.87601492, 59.31763802]]]}, "properties": {"kind": "plot", "numbers": [298, 296, 297], "area": 15.07}}, {"type": "Feature", "geometry": {"type": "Point", "coordinates": [29.87589781, 59.31765274]}, "properties": {"kind": "grave", "number": 286, "plot_area": 18.01, "in_plot": 2}}, {"type": "Feature", "geometry": {"type": "Point", "coordinates": [29.8758941, 59.31763671]}, "properties": {"kind": "grave", "number": 287, "plot_area": 18.01, "in_plot": 2}}, {"type": "Feature", "geometry": {"type": "Polygon", "coordinates": [[[29.875856, 59.3176634], [29.87584862, 59.31763134], [29.87593591, 59.31762605], [29.87594333, 59.31765811], [29.875856, 59.3176634]]]}, "properties": {"kind": "plot", "numbers": [286, 287], "area": 18.01}}, {"type": "Feature", "geometry": {"type": "Point", "coordinates": [29.87596889, 59.31754969]}, "properties": {"kind": "grave", "number": 307, "plot_area": 14.75, "in_plot": 3}}, {"type": "Feature", "geometry": {"type": "Point", "coordinates": [29.87594988, 59.31755044]}, "properties": {"kind": "grave", "number": 308, "plot_area": 14.75, "in_plot": 3}}, {"type": "Feature", "geometry": {"type": "Point", "coordinates": [29.87593087, 59.3175512]}, "properties": {"kind": "grave", "number": 309, "plot_area": 14.75, "in_plot": 3}}, {"type": "Feature", "geometry": {"type": "Polygon", "coordinates": [[[29.87592452, 59.31757237], [29.87591935, 59.31753088], [29.87597524, 59.31752851], [29.87598137, 59.31756894], [29.87592452, 59.31757237]]]}, "properties": {"kind": "plot", "numbers": [307, 308, 309], "area": 14.75}}, {"type": "Feature", "geometry": {"type": "Point", "coordinates": [29.87595879, 59.3175871]}, "properties": {"kind": "grave", "number": 300, "plot_area": 5.74, "in_plot": 1}}, {"type": "Feature", "geometry": {"type": "Polygon", "coordinates": [[[29.87592893, 59.31758061], [29.87593338, 59.31759657], [29.87598864, 59.31759359], [29.87598464, 59.31757741], [29.87592893, 59.31758061]]]}, "properties": {"kind": "plot", "numbers": [300], "area": 5.74}}, {"type": "Feature", "geometry": {"type": "Point", "coordinates": [29.87603005, 59.31755917]}, "properties": {"kind": "grave", "number": 310, "plot_area": 11.59, "in_plot": 1}}, {"type": "Feature", "geometry": {"type": "Polygon", "coordinates": [[[29.87600744, 59.31757829], [29.87600133, 59.31754272], [29.87605266, 59.31754005], [29.87605847, 59.3175752], [29.87600744, 59.31757829]]]}, "properties": {"kind": "plot", "numbers": [310], "area": 11.59}}, {"type": "Feature", "geometry": {"type": "Point", "coordinates": [29.87588403, 59.31760249]}, "properties": {"kind": "grave", "number": 291, "plot_area": 16.79, "in_plot": 3}}, {"type": "Feature", "geometry": {"type": "Point", "coordinates": [29.8758862, 59.31761301]}, "properties": {"kind": "grave", "number": 292, "plot_area": 16.79, "in_plot": 3}}, {"type": "Feature", "geometry": {"type": "Point", "coordinates": [29.87588837, 59.31762352]}, "properties": {"kind": "grave", "number": 293, "plot_area": 16.79, "in_plot": 3}}, {"type": "Feature", "geometry": {"type": "Polygon", "coordinates": [[[29.87584723, 59.31763083], [29.87584185, 59.31759989], [29.87592513, 59.31759496], [29.87593165, 59.3176265], [29.87584723, 59.31763083]]]}, "properties": {"kind": "plot", "numbers": [291, 292, 293], "area": 16.79}}, {"type": "Feature", "geometry": {"type": "Point", "coordinates": [29.8760324, 59.3175887]}, "properties": {"kind": "grave", "number": 301, "plot_area": 5.38, "in_plot": 1}}, {"type": "Feature", "geometry": {"type": "Polygon", "coordinates": [[[29.87599548, 59.31758501], [29.87599848, 59.31759669], [29.87606934, 59.31759249], [29.87606662, 59.31758065], [29.87599548, 59.31758501]]]}, "properties": {"kind": "plot", "numbers": [301], "area": 5.38}}, {"type": "Feature", "geometry": {"type": "Point", "coordinates": [29.87610663, 59.31756944]}, "properties": {"kind": "grave", "number": 311, "plot_area": 7.57, "in_plot": 1}}, {"type": "Feature", "geometry": {"type": "Polygon", "coordinates": [[[29.87607127, 59.31757966], [29.87606877, 59.31756365], [29.87614199, 59.31755922], [29.87614556, 59.31757521], [29.87607127, 59.31757966]]]}, "properties": {"kind": "plot", "numbers": [311], "area": 7.57}}, {"type": "Feature", "geometry": {"type": "Point", "coordinates": [29.87725702, 59.31839114]}, "properties": {"kind": "grave", "number": 125, "plot_area": 60.99, "in_plot": 1}}, {"type": "Feature", "geometry": {"type": "Polygon", "coordinates": [[[29.87715593, 59.31841426], [29.87735659, 59.31841591], [29.8773581, 59.31836802], [29.87715744, 59.31836636], [29.87715593, 59.31841426]]]}, "properties": {"kind": "plot", "numbers": [125], "area": 60.99}}, {"type": "Feature", "geometry": {"type": "Polygon", "coordinates": [[[29.87799242, 59.31936424], [29.87897492, 59.31941259], [29.87937488, 59.31942683], [29.87940953, 59.3193581], [29.87895932, 59.31934194], [29.87800832, 59.31930389], [29.87769612, 59.31928378], [29.87731412, 59.31926822], [29.87698659, 59.31926419], [29.87667012, 59.31926926], [29.87618283, 59.31928446], [29.87573476, 59.31929721], [29.87546534, 59.3193057], [29.87506455, 59.31930711], [29.87508631, 59.31937629], [29.87544639, 59.31937015], [29.87574517, 59.31936035], [29.8761424, 59.31934889], [29.87668357, 59.3193351], [29.87697203, 59.31933088], [29.87732873, 59.31933333], [29.87768071, 59.31934811], [29.87799242, 59.31936424]]]}, "properties": {"kind": "road", "surface": "ДОРОГА АСФ"}}, {"type": "Feature", "geometry": {"type": "Polygon", "coordinates": [[[29.87770839, 59.31928457], [29.87754683, 59.3192777], [29.87754399, 59.31926974], [29.87752813, 59.3192414], [29.87745293, 59.31921207], [29.87734999, 59.31920508], [29.87723832, 59.31921559], [29.87695687, 59.31920362], [29.87695687, 59.31920362], [29.87664415, 59.31920334], [29.87636871, 59.31920387], [29.87620518, 59.319209], [29.87611619, 59.31920934], [29.87606055, 59.31919439], [29.87602373, 59.3191696], [29.87598702, 59.31910741], [29.87590674, 59.31889473], [29.87576517, 59.31858798], [29.87571804, 59.31853459], [29.87555924, 59.31853639], [29.8753714, 59.31857265], [29.87534691, 59.31858783], [29.87532758, 59.31861838], [29.87539286, 59.318772], [29.87533993, 59.31877949], [29.87532102, 59.31875545], [29.87527303, 59.31862444], [29.87525427, 59.31857122], [29.87525016, 59.31855324], [29.87522603, 59.31850666], [29.87491875, 59.31773486], [29.8749677, 59.31773625], [29.87527377, 59.31850047], [29.87530648, 59.31855019], [29.87533458, 59.31854911], [29.87552067, 59.31851695], [29.87553844, 59.31851483], [29.87553844, 59.31851483], [29.87551368, 59.31845564], [29.87551368, 59.31845564], [29.87547667, 59.3184085], [29.87541454, 59.31828318], [29.87532291, 59.31809936], [29.87516702, 59.31781977], [29.87511253, 59.31767427], [29.87514795, 59.31767426], [29.87519688, 59.31781602], [29.87523638, 59.31788344], [29.87537629, 59.31809778], [29.87552484, 59.31840031], [29.87555312, 59.31842815], [29.87564196, 59.31841882], [29.87564553, 59.31841767], [29.87567369, 59.31834677], [29.87565207, 59.31825533], [29.87555414, 59.31805852], [29.87546233, 59.31792139], [29.87543861, 59.31783932], [29.87542638, 59.31775676], [29.87543768, 59.317706], [29.87537819, 59.31753427], [29.87534464, 59.31741433], [29.87538876, 59.31741288], [29.87543967, 59.31758707], [29.87547548, 59.31770077], [29.87547015, 59.31776257], [29.87551369, 59.31791794], [29.87554707, 59.31799313], [29.8755895, 59.31805903], [29.87563894, 59.31813605], [29.87568946, 59.31815875], [29.87573772, 59.31816597], [29.87584262, 59.31815028], [29.87587267, 59.31813083], [29.87588257, 59.31811836], [29.87588826, 59.31809656], [29.87588118, 59.31805889], [29.875875, 59.31800912], [29.87573051, 59.31763416], [29.8756607, 59.31737877], [29.87571995, 59.31737682], [29.8757302, 59.31739788], [29.8757761, 59.31763264], [29.87590864, 59.31801571], [29.87592842, 59.31804326], [29.8759721, 59.31805427], [29.87599667, 59.31805995], [29.87613462, 59.31805287], [29.87618613, 59.31804552], [29.87621231, 59.318029], [29.87623191, 59.31797042], [29.87634828, 59.3177267], [29.87622117, 59.3175193], [29.87614993, 59.31722263], [29.87621278, 59.31722066], [29.87626495, 59.31751943], [29.87636115, 59.3176282], [29.87641413, 59.31768389], [29.87641413, 59.31768389], [29.87644651, 59.31772878], [29.87647175, 59.31779874], [29.87649719, 59.31793382], [29.87654753, 59.31812288], [29.8766185, 59.31831788], [29.87671194, 59.31852597], [29.87679208, 59.31875879], [29.87687953, 59.31899367], [29.87693443, 59.31915386], [29.87692786, 59.31918461], [29.87725656, 59.31919352], [29.87738725, 59.31917963], [29.87751988, 59.3191869], [29.87758029, 59.31921865], [29.87769948, 59.31927903], [29.87770839, 59.31928457]]]}, "properties": {"kind": "road", "surface": "ГРУНТОВАЯ ДОРОГА"}}, {"type": "Feature", "geometry": {"type": "Polygon", "coordinates": [[[29.87626825, 59.31818253], [29.87626825, 59.31818253], [29.87623643, 59.3180991], [29.87624938, 59.31805325], [29.87626667, 59.31797049], [29.8763873, 59.31772997], [29.8763873, 59.31772997], [29.8764437, 59.31781063], [29.87646342, 59.31792929], [29.87651006, 59.31810552], [29.87660688, 59.31834338], [29.8766688, 59.31851239], [29.87676929, 59.31878421], [29.8768626, 59.31901266], [29.87689765, 59.31914388], [29.87688957, 59.31918357], [29.87688957, 59.31918357], [29.87662895, 59.31918251], [29.87639297, 59.31918245], [29.87618659, 59.3191891], [29.87613588, 59.31918636], [29.87607004, 59.31915958], [29.8760336, 59.31911042], [29.87595449, 59.31889019], [29.87581105, 59.31858549], [29.87574483, 59.31849231], [29.87568168, 59.31849774], [29.87568168, 59.31849774], [29.87571691, 59.31841636], [29.87571691, 59.31841636], [29.87570956, 59.31826347], [29.87573746, 59.31823418], [29.8757966, 59.31819911], [29.87589544, 59.31815008], [29.87592609, 59.31811767], [29.87593028, 59.31810285], [29.8759485, 59.31808764], [29.87598605, 59.31807688], [29.87617484, 59.31811008], [29.87622091, 59.31814736], [29.87624798, 59.31818384], [29.87624798, 59.31818384], [29.87662895, 59.31918251], [29.87664974, 59.3191826], [29.87626825, 59.31818253]]]}, "properties": {"kind": "road", "surface": "ГРУНТОВАЯ ДОРОГА"}}, {"type": "Feature", "geometry": {"type": "Polygon", "coordinates": [[[29.87532102, 59.31875545], [29.87533993, 59.31877949], [29.87528701, 59.31878698], [29.87509336, 59.31879581], [29.87498909, 59.31879596], [29.87497155, 59.31879733], [29.87486268, 59.31883302], [29.87485117, 59.31881186], [29.87495791, 59.31878718], [29.87495167, 59.31875937], [29.8749655, 59.31875826], [29.87496938, 59.31878647], [29.87503686, 59.31878538], [29.87528363, 59.31876093], [29.87532102, 59.31875545], [29.87532102, 59.31875545]]]}, "properties": {"kind": "road", "surface": "ЩЕБЕНЬ"}}]}